date,asset,open,high,low,close,volume,turnover,trailing-high,trailing-ago,prct-decline,trailing-max-decline,idx,trailing-high-idx,date-instant,trailing-high-date,setup,signal,initial,px0,px5,px10,px20,px40,category,pl
2022-11-03 00:00:00+00:00,ABC,152.99,159.48,151.135,157.84,417258,6.586000272E7,167.19,136,-0.09602847060230879,-0.19175788025599616,1137,1001,2022-11-03T00:00Z,2022-04-21T00:00Z,true,true,true,161.64,155.0,158.92,173.99,164.29,,-0.020000000000000018
2021-09-01 00:00:00+00:00,ABT,125.72,127.41,125.47,127.4,1372318,1.7483331320000002E8,128.54,139,-0.02388361599502098,-0.1777656760541465,841,702,2021-09-01T00:00Z,2021-02-12T00:00Z,true,true,true,128.49,127.98,127.44,118.13,127.71,Stock,-0.028008405323371566
2023-12-07 00:00:00+00:00,ACM,90.59,91.99,90.51,91.5,318772,2.9167638E7,92.12,203,-0.01747720364741645,-0.19203213200173685,1411,1208,2023-12-07T00:00Z,2023-02-16T00:00Z,true,true,true,91.23,93.29,92.65,89.06,88.59,Stock,-0.004746245752493827
2019-09-06 00:00:00+00:00,ACRE,15.3,15.35,15.25,15.29,43356,662913.24,15.53,121,-0.01802962009014808,-0.13491525423728812,340,219,2019-09-06T00:00Z,2019-03-15T00:00Z,true,true,true,15.55,15.63,15.72,15.25,15.49,Stock,-0.009286173633440531
2022-07-18 00:00:00+00:00,ADC,74.99,75.19,74.2,74.73,208518,1.558255014E7,75.94,241,-0.022912825915196167,-0.18764814327100343,1060,819,2022-07-18T00:00Z,2021-08-02T00:00Z,true,true,true,76.26,77.18,78.56,80.35,74.16,Stock,0.0325596643063204
2018-06-14 00:00:00+00:00,ADM,45.6,45.78,45.12,45.24,917524,4.1508785760000005E7,45.99,299,-0.018917155903457328,-0.05740378343118069,31,0,2018-06-14T00:00Z,2018-05-01T00:00Z,true,true,true,46.03,46.0,46.19,47.57,49.87,Stock,0.08342385400825547
2022-01-03 00:00:00+00:00,ADM,67.6,68.14,67.4,67.89,908676,6.169001364E7,69.29,146,-0.02727666329917733,-0.17852503968826672,926,780,2022-01-03T00:00Z,2021-06-07T00:00Z,true,true,true,69.15,69.93,71.27,75.53,80.28,Stock,0.16095444685466376
2025-09-29 00:00:00+00:00,AEE,102.28,103.7,101.72,103.55,599508,6.20790534E7,104.0,144,-0.021923076923076934,-0.17399999999999993,1863,1719,2025-09-29T00:00Z,2025-03-04T00:00Z,true,true,true,104.38,104.88,103.56,104.81,104.79,Stock,0.00392795554703973
2018-06-27 00:00:00+00:00,AEP,69.25,69.96,68.84,69.85,1245653,8.700886205E7,69.99,299,-0.01643091870267166,-0.10401485926560927,40,0,2018-06-27T00:00Z,2018-05-01T00:00Z,true,true,true,69.34,71.13,70.38,71.04,71.36,Stock,0.029131814248629873
2025-11-13 00:00:00+00:00,AFL,114.7,115.44,114.27,115.01,1001082,1.1513444082000001E8,115.51,278,-0.010735001298588953,-0.1605055839321271,1896,1618,2025-11-13T00:00Z,2024-10-04T00:00Z,true,true,true,114.34,110.55,110.31,110.05,107.96,Stock,-0.020000000000000018
2019-11-05 00:00:00+00:00,AGO,47.56,47.91,47.53,47.71,393171,1.875818841E7,47.96,131,-0.008965804837364422,-0.16708919105784747,382,251,2019-11-05T00:00Z,2019-05-01T00:00Z,true,true,true,48.37,48.3,48.79,49.28,49.17,Stock,0.01653917717593556
2020-01-27 00:00:00+00:00,AGR,52.13,52.77,51.9,52.54,158622,8333999.88,53.46,279,-0.029180695847362603,-0.1301558203483042,437,158,2020-01-27T00:00Z,2018-12-14T00:00Z,true,true,true,53.34,53.56,52.88,56.3,37.66,,0.03438320209973744
2025-01-08 00:00:00+00:00,AGS,11.6,11.685,11.59,11.66,192078,2239629.48,11.75,149,-0.013617021276595809,-0.18675889328063233,1683,1534,2025-01-08T00:00Z,2024-06-05T00:00Z,true,true,true,11.86,11.87,11.94,12.07,12.02,,0.013490725126475533
2019-04-29 00:00:00+00:00,AHH,16.0,16.04,15.92,16.01,100136,1603177.36,16.16,171,-0.014851485148514865,-0.16212871287128716,249,78,2019-04-29T00:00Z,2018-08-21T00:00Z,true,true,true,16.15,16.42,16.44,16.5,16.65,Stock,0.030959752321981338
2018-07-31 00:00:00+00:00,AIG,55.21,55.4,54.78,55.21,1722920,9.51224132E7,56.33,299,-0.027516421090005294,-0.12000710101189416,63,0,2018-07-31T00:00Z,2018-05-01T00:00Z,true,true,true,54.99,52.99,52.33,54.04,54.05,Stock,-0.020000000000000018
2025-02-27 00:00:00+00:00,AIG,78.51,80.51,78.48,79.69,1663789,1.3258734541E8,80.82,199,-0.028953229398663516,-0.14625092798812167,1716,1517,2025-02-27T00:00Z,2024-05-10T00:00Z,true,true,true,82.94,81.28,81.55,84.42,81.22,Stock,-0.020000000000000018
2022-03-10 00:00:00+00:00,AIZ,166.93,169.77,166.93,169.4,120993,2.04962142E7,172.25,126,-0.0308853410740203,-0.16319303338171276,972,846,2022-03-10T00:00Z,2021-09-09T00:00Z,true,true,true,169.95,176.11,182.87,185.74,188.58,Stock,0.10962047661076801
2018-07-17 00:00:00+00:00,AJG,69.43,69.87,69.29,69.69,208374,1.4521584059999999E7,70.1,299,-0.011554921540656071,-0.0793152639087017,53,0,2018-07-17T00:00Z,2018-05-01T00:00Z,true,true,true,70.5,70.51,71.35,70.66,73.55,Stock,0.04326241134751774
2018-08-03 00:00:00+00:00,ALL,97.53,98.07,96.8,98.05,728594,7.14386417E7,98.2,299,-0.014256619144602856,-0.08136456211812637,66,0,2018-08-03T00:00Z,2018-05-01T00:00Z,true,true,true,98.4,98.63,100.02,100.57,98.53,Stock,0.001611788617886134
2018-07-20 00:00:00+00:00,ALLY PRA,26.46,26.62,26.46,26.6,91041,2421690.6,26.63,299,-0.006383777694329629,-0.038678182500938685,56,0,2018-07-20T00:00Z,2018-05-01T00:00Z,true,true,true,26.61,26.455,26.66,26.43,26.11,,-0.018789928598271333
2020-02-05 00:00:00+00:00,ALLY PRA,26.7,26.76,26.68,26.76,25389,679409.64,26.76,210,-0.002989536621823663,-0.0729438034983253,444,234,2020-02-05T00:00Z,2019-04-05T00:00Z,true,true,true,26.81,26.7,26.33,25.81,19.24,,-0.056553524804177635
2024-11-05 00:00:00+00:00,AME,179.76,182.32,179.6,182.02,357863,6.5138223260000005E7,186.29,158,-0.03591175049653761,-0.19780986633743092,1640,1482,2024-11-05T00:00Z,2024-03-21T00:00Z,true,true,true,190.32,194.0,193.46,195.0,179.57,Stock,0.004098360655737654
2019-04-11 00:00:00+00:00,AMH,23.23,23.32,23.05,23.3,779826,1.81699458E7,23.34,154,-0.012425021422450722,-0.18937446443873174,238,84,2019-04-11T00:00Z,2018-08-29T00:00Z,true,true,true,23.6,23.31,24.01,23.79,24.8,Stock,0.05084745762711851
2018-07-03 00:00:00+00:00,AMRC,12.35,12.45,12.3,12.4,15016,186198.4,12.65,299,-0.02766798418972327,-0.13043478260869568,44,0,2018-07-03T00:00Z,2018-05-01T00:00Z,true,true,true,13.0,13.15,12.85,13.25,14.45,Stock,-0.008692307692307666
2019-01-30 00:00:00+00:00,ARE,128.31,129.59,128.01,129.36,261013,3.376464168000001E7,130.53,299,-0.019305906688117713,-0.1646364820347812,188,0,2019-01-30T00:00Z,2018-05-01T00:00Z,true,true,true,131.71,129.01,134.51,135.89,143.23,Stock,-0.019999999999999907
2019-09-18 00:00:00+00:00,ARI,19.45,19.51,19.425,19.5,199895,3897952.5,19.57,261,-0.007409299948901382,-0.1614716402657128,348,87,2019-09-18T00:00Z,2018-09-04T00:00Z,true,true,true,19.55,19.68,18.81,18.94,17.9,Stock,-0.013483375959079336
2018-07-23 00:00:00+00:00,ASR,172.72,177.61,172.0,177.15,6782,1201431.3,179.99,299,-0.044391355075282024,-0.15311961775654204,57,0,2018-07-23T00:00Z,2018-05-01T00:00Z,true,true,true,182.03,182.24,185.13,175.77,205.63,Stock,-0.0033104433335163774
2018-08-03 00:00:00+00:00,ATH,48.48,49.31,48.07,49.23,423500,2.0848905E7,49.42,299,-0.02731687575880215,-0.12768110076891948,66,0,2018-08-03T00:00Z,2018-05-01T00:00Z,true,true,true,49.67,49.6,49.98,49.66,51.47,,0.036239178578618914
2024-07-16 00:00:00+00:00,ATO,121.36,122.47,120.79,122.34,326414,3.993348876E7,125.31,244,-0.03607054504828022,-0.19399888277072863,1561,1317,2024-07-16T00:00Z,2023-07-26T00:00Z,true,true,true,124.65,124.54,128.22,128.8,134.78,Stock,0.08126754913758516
2019-05-16 00:00:00+00:00,AXS,58.05,58.88,58.05,58.86,138222,8135746.92,58.93,299,-0.014932971321907407,-0.1807228915662651,262,0,2019-05-16T00:00Z,2018-05-01T00:00Z,true,true,true,58.61,60.02,59.58,60.59,60.64,Stock,0.034635727691520346
2024-03-19 00:00:00+00:00,AXS,63.35,63.9,63.12,63.36,234520,1.48591872E7,63.99,286,-0.013595874355368132,-0.19909360837630885,1480,1194,2024-03-19T00:00Z,2023-01-27T00:00Z,true,true,true,64.02,63.81,65.37,60.71,69.81,Stock,6.654170571698259E-4
2025-12-15 00:00:00+00:00,AXS,104.85,106.61,104.45,106.46,232551,2.4757379459999997E7,107.18,132,-0.02547116999440202,-0.17787833551035648,1917,1785,2025-12-15T00:00Z,2025-06-06T00:00Z,true,true,true,107.14,108.96,108.76,100.25,106.46,Stock,-0.005182004853462763
2024-01-18 00:00:00+00:00,AZO,2658.18,2724.0,2652.88,2722.98,43967,1.1972126166E8,2750.11,173,-0.03535494943838613,-0.17094225321896217,1438,1265,2024-01-18T00:00Z,2023-05-10T00:00Z,true,true,true,2746.44,2748.61,2798.15,2724.88,3124.33,Stock,-0.0015485501230684262
2024-12-05 00:00:00+00:00,AZO,3199.89,3237.88,3183.01,3190.07,42730,1.363116911E8,3256.37,178,-0.02252815251338136,-0.1622573601894134,1661,1483,2024-12-05T00:00Z,2024-03-22T00:00Z,true,true,true,3309.44,3340.48,3215.29,3293.46,3474.08,Stock,-0.010808354283504129
2019-03-13 00:00:00+00:00,BAC PRL,1303.0,1304.96,1302.97,1303.0,1540,2006620.0,1308.94,131,-0.004560942441976024,-0.05089614497226769,217,86,2019-03-13T00:00Z,2018-08-31T00:00Z,true,true,true,1307.0,1306.5,1321.34,1316.7,1324.92,,0.013710788064269286
2025-09-12 00:00:00+00:00,BAC PRL,1280.0,1285.0,1280.0,1284.0,1024,1314816.0,1293.99,239,-0.010811520954566944,-0.11127597585761873,1852,1613,2025-09-12T00:00Z,2024-09-27T00:00Z,true,true,true,1287.0,1289.94,1282.5,1247.05,1257.69,,-0.023426573426573505
2018-11-23 00:00:00+00:00,BCE,42.04,42.36,41.98,42.22,132879,5610151.38,42.75,129,-0.018011695906432812,-0.09333333333333338,144,15,2018-11-23T00:00Z,2018-05-22T00:00Z,true,true,true,42.91,42.88,42.31,39.32,41.86,Stock,-0.033703099510603574
2021-11-26 00:00:00+00:00,BERY,65.55,67.0,65.01,66.47,232650,1.54642455E7,70.89,135,-0.08294540837917896,-0.16954702565035473,901,766,2021-11-26T00:00Z,2021-05-17T00:00Z,true,true,true,71.61,70.04,71.97,71.61,67.77,,-0.019999999999999907
2019-02-14 00:00:00+00:00,BHP,51.55,52.17,51.47,51.97,468045,2.432429865E7,52.61,136,-0.021668884242539432,-0.17905341189887858,199,63,2019-02-14T00:00Z,2018-07-31T00:00Z,true,true,true,52.76,54.3,52.51,52.12,56.83,Stock,0.008605003790750576
2020-01-21 00:00:00+00:00,BKH,80.99,81.49,80.75,81.45,184529,1.502988705E7,82.0,144,-0.015243902439024404,-0.1428048780487804,433,289,2020-01-21T00:00Z,2019-06-25T00:00Z,true,true,true,82.06,82.85,83.03,84.84,50.93,Stock,0.013200097489641793
2025-10-22 00:00:00+00:00,BKH,64.94,65.42,64.16,65.25,329867,2.152382175E7,65.59,226,-0.021802103979265186,-0.16191492605580127,1880,1654,2025-10-22T00:00Z,2024-11-25T00:00Z,true,true,true,65.45,63.77,64.75,69.69,68.93,Stock,-0.019999999999999907
2018-08-01 00:00:00+00:00,BLL,38.93,39.6,38.84,39.33,1080011,4.2476832629999995E7,40.05,299,-0.030212234706616603,-0.1333333333333333,64,0,2018-08-01T00:00Z,2018-05-01T00:00Z,true,true,true,40.53,41.46,40.11,41.84,44.14,,0.00248704663212429
2019-11-22 00:00:00+00:00,BMI,60.72,60.86,60.01,60.05,68663,4123213.15,61.62,191,-0.02612788055826032,-0.1936059720869847,395,204,2019-11-22T00:00Z,2019-02-22T00:00Z,true,true,true,61.39,61.14,61.59,65.69,62.81,Stock,0.04864310148232609
2021-12-07 00:00:00+00:00,BMI,108.73,110.65,108.35,109.47,45529,4984059.63,111.29,196,-0.026417467876718614,-0.1975918770779046,908,712,2021-12-07T00:00Z,2021-03-01T00:00Z,true,true,true,110.76,105.85,103.47,101.14,100.37,Stock,-0.019999999999999907
2019-02-15 00:00:00+00:00,BMS,52.42,52.94,52.23,52.94,214248,1.134228912E7,53.0,134,-0.01452830188679255,-0.18905660377358502,200,66,2019-02-15T00:00Z,2018-08-03T00:00Z,true,true,true,52.96,53.46,52.97,53.04,56.66,,0.06986404833836857
2025-08-27 00:00:00+00:00,BRC,76.5,77.68,75.88,77.45,121228,9389108.6,77.72,197,-0.023674729799279537,-0.18939783839423574,1841,1644,2025-08-27T00:00Z,2024-11-11T00:00Z,true,true,true,77.59,82.75,79.88,76.85,78.46,Stock,0.045173347080809334
2019-12-11 00:00:00+00:00,BRK A,331424.0,333900.0,331424.0,333600.0,106,3.53616E7,335900.0,295,-0.013325394462637696,-0.1664185769574278,407,112,2019-12-11T00:00Z,2018-10-09T00:00Z,true,true,true,338800.0,337500.0,339650.0,340185.0,340361.0,,0.004607438016528853
2021-12-13 00:00:00+00:00,BRK A,435000.0,439273.7,430974.0,437730.0,129,5.646717E7,445000.0,152,-0.03151910112359546,-0.14225684744102995,912,760,2021-12-13T00:00Z,2021-05-07T00:00Z,true,true,true,446104.0,437444.99,449570.11,480340.0,483900.0,,0.08472463820095766
2025-02-21 00:00:00+00:00,BRK A,720710.0,724800.0,717000.0,718750.0,49,3.521875E7,741971.39,180,-0.03365546210616022,-0.1813938809689145,1712,1532,2025-02-21T00:00Z,2024-06-03T00:00Z,true,true,true,747485.49,774999.99,742901.0,781680.0,760489.0,,0.01607322196983385
2019-12-11 00:00:00+00:00,BRK B,221.21,222.65,221.01,222.57,1900459,4.2298515963E8,224.07,294,-0.01365644664613741,-0.1692774579372518,407,113,2019-12-11T00:00Z,2018-10-10T00:00Z,true,true,true,225.92,225.01,226.45,226.62,227.11,,0.005267351274787613
2021-11-05 00:00:00+00:00,BRK B,288.79,290.69,286.82,287.88,1111500,3.1997862E8,295.07,126,-0.027959467245060488,-0.1457685664939551,887,761,2021-11-05T00:00Z,2021-05-10T00:00Z,true,true,true,288.8,285.99,279.99,281.38,308.53,,-0.029535318559556822
2019-04-22 00:00:00+00:00,BRO,30.44,30.57,30.22,30.51,472386,1.4412496860000001E7,31.53,149,-0.04154773231842701,-0.1839517919441802,244,95,2019-04-22T00:00Z,2018-09-14T00:00Z,true,true,true,31.57,31.55,32.46,31.49,32.74,Stock,0.007627494456762696
2018-07-05 00:00:00+00:00,BSMX,7.04,7.39,6.89,7.34,387153,2841703.02,7.39,299,-0.06765899864682001,-0.15020297699594043,45,0,2018-07-05T00:00Z,2018-05-01T00:00Z,true,true,true,7.63,7.82,7.88,8.16,7.78,,0.04807339449541281
2018-06-25 00:00:00+00:00,BWP,10.15,11.18,9.95,10.73,433307,4649384.11,11.3,299,-0.11946902654867264,-0.19469026548672574,38,0,2018-06-25T00:00Z,2018-05-01T00:00Z,true,true,true,11.67,12.02,12.05,10.73,10.73,,0.011910882604970086
2024-09-20 00:00:00+00:00,BWXT,99.95,102.99,99.09,102.84,1182650,1.21623726E8,107.09,138,-0.074703520403399,-0.19049397702866755,1608,1470,2024-09-20T00:00Z,2024-03-05T00:00Z,true,true,true,105.62,108.59,117.71,126.21,126.25,Stock,0.1953228555197879
2020-01-16 00:00:00+00:00,BXP,137.69,139.29,137.56,139.28,222056,3.092795968E7,140.35,180,-0.019878874242963973,-0.18709045718159223,431,251,2020-01-16T00:00Z,2019-05-01T00:00Z,true,true,true,139.56,142.01,143.35,147.23,96.93,Stock,0.033859271997706886
2019-06-17 00:00:00+00:00,C PRK,27.8,27.93,27.77,27.84,20714,576677.76,28.04,237,-0.00962910128388017,-0.09593437945791716,283,46,2019-06-17T00:00Z,2018-07-06T00:00Z,true,true,true,28.13,27.55,27.51,28.24,28.23,,-0.020000000000000018
2021-06-14 00:00:00+00:00,C PRK,28.75,28.75,28.55,28.75,28007,805201.25,28.78,130,-0.007991660875608098,-0.1533196440793977,715,585,2021-06-14T00:00Z,2020-12-04T00:00Z,true,true,true,28.83,28.67,28.55,28.43,27.84,,-0.03359694762400278
2019-03-26 00:00:00+00:00,C PRN,26.95,27.13,26.95,27.11,140219,3801337.09,27.25,167,-0.011009174311926606,-0.04954128440366978,226,59,2019-03-26T00:00Z,2018-07-25T00:00Z,true,true,true,27.34,27.46,27.55,27.62,27.26,,-0.002926115581565414
2022-11-09 00:00:00+00:00,C PRN,27.48,27.86,27.48,27.77,71997,1999356.69,28.27,299,-0.027944817828086332,-0.08715277777777786,1141,842,2022-11-09T00:00Z,2021-09-02T00:00Z,true,true,true,28.07,28.38,28.33,28.54,28.96,,0.031706448165301104
2024-03-28 00:00:00+00:00,C PRN,29.38,29.52,29.38,29.47,88279,2601582.13,29.54,234,-0.005416384563303955,-0.08777969018932874,1487,1253,2024-03-28T00:00Z,2023-04-24T00:00Z,true,true,true,29.55,29.75,29.64,29.11,29.35,,-0.006768189509306244
2024-02-08 00:00:00+00:00,CACI,351.15,356.0,351.15,355.36,50413,1.791476368E7,358.86,128,-0.02148470155492399,-0.16095413253079194,1453,1325,2024-02-08T00:00Z,2023-08-07T00:00Z,true,true,true,360.84,362.56,369.36,374.16,378.64,Stock,0.04932934264493971
2024-10-31 00:00:00+00:00,CAH,107.66,109.03,107.06,108.52,1416394,1.5370707688E8,116.09,161,-0.07778447756051343,-0.19743302610043933,1637,1476,2024-10-31T00:00Z,2024-03-13T00:00Z,true,true,true,116.13,118.22,121.29,122.24,117.92,Stock,0.03156118143459907
2019-03-29 00:00:00+00:00,CB,139.75,140.18,139.17,140.08,821099,1.1501954792000002E8,141.18,131,-0.014237144071398311,-0.1529961750956227,229,98,2019-03-29T00:00Z,2018-09-19T00:00Z,true,true,true,141.46,137.59,139.17,143.63,146.46,Stock,-0.02000000000000013
2025-12-10 00:00:00+00:00,CB,301.65,303.78,295.18,296.54,854653,2.5343880062E8,306.91,173,-0.0382196735199245,-0.16511058137994983,1914,1741,2025-12-10T00:00Z,2025-04-03T00:00Z,true,true,true,305.98,312.96,313.32,306.81,296.54,Stock,0.003508726060526657
2018-07-06 00:00:00+00:00,CBM,52.4,54.15,51.9,54.1,81554,4412071.4,54.4,299,-0.045955882352941124,-0.17371323529411753,46,0,2018-07-06T00:00Z,2018-05-01T00:00Z,true,true,true,55.1,55.15,56.05,63.75,67.4,,0.22323049001814899
2019-05-02 00:00:00+00:00,CBU,65.2,66.16,65.2,65.87,72495,4775245.65,67.04,174,-0.027446300715990524,-0.1875000000000001,252,78,2019-05-02T00:00Z,2018-08-21T00:00Z,true,true,true,67.26,65.68,64.93,61.81,65.84,Stock,-0.02000000000000013
2019-03-12 00:00:00+00:00,CCI PRA,1146.38,1150.3,1146.2,1148.98,154,176942.92,1152.12,208,-0.005138353643717508,-0.1237544700204839,211,3,2019-03-12T00:00Z,2018-05-04T00:00Z,true,true,true,1156.73,1159.75,1168.54,1197.97,1143.57,,0.014939182004443552
2018-10-02 00:00:00+00:00,CCK,47.59,48.89,47.34,48.77,424884,2.072159268E7,49.57,299,-0.04498688723017952,-0.19124470445834163,107,0,2018-10-02T00:00Z,2018-05-01T00:00Z,true,true,true,49.51,48.76,47.89,42.56,50.24,Stock,-0.05206624924257719
2022-01-18 00:00:00+00:00,CCK,111.66,113.14,111.34,112.87,337119,3.805062153E7,114.56,176,-0.028107541899441313,-0.1682960893854749,936,760,2022-01-18T00:00Z,2021-05-07T00:00Z,true,true,true,116.48,107.27,116.03,121.77,126.04,Stock,-0.020000000000000018
2018-07-17 00:00:00+00:00,CCT,16.35,16.73,16.35,16.55,105483,1745743.6500000001,16.9,299,-0.032544378698224685,-0.08639053254437867,53,0,2018-07-17T00:00Z,2018-05-01T00:00Z,true,true,true,16.91,16.89,17.03,16.48,16.19,,-0.013045535186280377
2024-10-15 00:00:00+00:00,CHH,134.6,135.38,133.38,133.59,82271,1.099058289E7,135.94,297,-0.018831837575400967,-0.19854347506252756,1625,1328,2024-10-15T00:00Z,2023-08-10T00:00Z,true,true,true,134.88,136.09,141.0,144.34,145.59,Stock,0.07940391459074747
2019-08-13 00:00:00+00:00,CHT,34.05,34.49,33.96,34.2,28082,960404.4,36.98,298,-0.08166576527852887,-0.10308462958080666,323,25,2019-08-13T00:00Z,2018-06-06T00:00Z,true,true,true,37.46,37.36,37.13,36.73,36.35,Stock,-0.029631607047517328
2020-06-01 00:00:00+00:00,CHT,37.24,37.53,37.24,37.43,21451,802910.93,37.57,131,-0.008783603939313211,-0.0983390456103348,457,326,2020-06-01T00:00Z,2019-11-20T00:00Z,true,true,true,37.5,38.07,37.65,38.67,36.64,Stock,0.010575999999999919
2021-01-08 00:00:00+00:00,CHT,39.02,39.45,39.02,39.45,37034,1460991.3,39.48,133,-0.011651469098277412,-0.0922120064899945,611,478,2021-01-08T00:00Z,2020-06-30T00:00Z,true,true,true,39.57,39.64,38.8,38.98,39.27,Stock,-0.018266363406621133
2025-05-01 00:00:00+00:00,CHT,40.32,40.44,39.51,40.27,61707,2484940.89,40.615,148,-0.027206697033115956,-0.1361231361231361,1693,1545,2025-05-01T00:00Z,2024-09-26T00:00Z,true,true,true,42.08,42.02,43.56,43.48,46.61,Stock,0.10765209125475295
2018-06-25 00:00:00+00:00,CL,64.32,65.25,64.19,65.11,1967507,1.2810438077E8,65.39,299,-0.01835142988224503,-0.06270071876433703,38,0,2018-06-25T00:00Z,2018-05-01T00:00Z,true,true,true,65.14,64.58,65.73,65.27,67.4,Stock,0.0346945041449187
2019-04-17 00:00:00+00:00,CL,68.89,68.96,68.56,68.68,711282,4.8850847760000005E7,69.29,142,-0.010535430798095047,-0.17145331216625792,242,100,2019-04-17T00:00Z,2018-09-21T00:00Z,true,true,true,69.35,68.69,71.82,72.5,73.35,Stock,0.05767844268204758
2020-02-05 00:00:00+00:00,CL,75.25,75.865,74.53,75.73,1585659,1.2008195607000001E8,76.41,131,-0.024604109409763097,-0.17001010246788872,444,313,2020-02-05T00:00Z,2019-07-30T00:00Z,true,true,true,76.31,75.95,75.16,72.34,68.17,Stock,-0.03476870659153464
2024-01-25 00:00:00+00:00,CL,80.24,81.43,80.03,81.22,2354774,1.9125474428E8,82.28,252,-0.027345649003402972,-0.19295942720763726,1443,1191,2024-01-25T00:00Z,2023-01-24T00:00Z,true,true,true,82.83,86.12,84.26,86.25,89.2,Stock,0.018925510080888497
2020-02-07 00:00:00+00:00,CLX,165.07,166.55,163.63,166.23,425697,7.076361231E7,167.69,235,-0.024211342357922327,-0.14377720794322846,382,147,2020-02-07T00:00Z,2018-11-28T00:00Z,true,true,true,167.66,164.83,167.19,174.9,181.38,Stock,0.08183227961350359
2018-11-30 00:00:00+00:00,CMI,148.26,151.56,148.26,151.06,725544,1.0960067664E8,155.0,299,-0.04348387096774198,-0.19516129032258067,149,0,2018-11-30T00:00Z,2018-05-01T00:00Z,true,true,true,152.47,136.29,131.45,133.38,147.11,Stock,-0.019999999999999907
2018-06-26 00:00:00+00:00,CMS,46.51,47.04,46.46,46.51,1060134,4.9306832339999996E7,47.21,299,-0.015886464732048244,-0.0991315399279814,39,0,2018-06-26T00:00Z,2018-05-01T00:00Z,true,true,true,47.12,47.96,47.89,47.88,49.11,Stock,0.04223259762308995
2019-09-11 00:00:00+00:00,CNA,48.21,48.63,47.9,48.55,64898,3150797.9,48.99,282,-0.022249438660951304,-0.1816568047337278,343,61,2019-09-11T00:00Z,2018-07-27T00:00Z,true,true,true,48.95,49.57,49.11,47.23,45.12,Stock,-0.016796731358529104
2018-08-01 00:00:00+00:00,CNO,20.35,20.59,20.2,20.32,255420,5190134.4,21.38,299,-0.0551917680074836,-0.12722170252572496,64,0,2018-08-01T00:00Z,2018-05-01T00:00Z,true,true,true,22.26,21.77,21.28,21.82,21.29,Stock,-0.020000000000000018
2025-12-12 00:00:00+00:00,CNO,41.4,41.51,41.06,41.24,368362,1.519124888E7,43.2,181,-0.049537037037037046,-0.19710648148148147,1916,1735,2025-12-12T00:00Z,2025-03-26T00:00Z,true,true,true,42.87,43.55,42.84,42.2,41.24,Stock,-0.035316071845112984
2018-06-19 00:00:00+00:00,COG,23.43,24.05,23.42,23.95,1499517,3.591343215E7,24.17,299,-0.03103020273065782,-0.10136532892014904,34,0,2018-06-19T00:00Z,2018-05-01T00:00Z,true,true,true,24.16,23.51,23.39,23.94,22.98,,-0.020000000000000018
2024-02-06 00:00:00+00:00,CP,83.16,84.5,83.11,84.28,717880,6.05029264E7,85.38,132,-0.026587022721948905,-0.19137971421878652,1451,1319,2024-02-06T00:00Z,2023-07-28T00:00Z,true,true,true,85.35,82.95,85.47,87.62,86.95,Stock,-0.02000000000000013
2018-06-14 00:00:00+00:00,CTLT,40.34,41.59,40.24,41.54,257371,1.069119134E7,41.67,299,-0.03431725461963042,-0.08207343412527002,31,0,2018-06-14T00:00Z,2018-05-01T00:00Z,true,true,true,41.47,41.82,41.26,43.39,40.12,,0.025372558476006724
2019-05-13 00:00:00+00:00,CUBE,32.57,33.14,32.57,33.04,480807,1.588586328E7,33.18,212,-0.018384569017480423,-0.1805304400241109,259,47,2019-05-13T00:00Z,2018-07-09T00:00Z,true,true,true,32.87,33.12,33.61,34.07,35.03,Stock,0.06571341648919993
2018-06-14 00:00:00+00:00,CVS,68.7,69.48,68.1,69.12,3008390,2.079399168E8,69.75,299,-0.023655913978494758,-0.13505376344086029,31,0,2018-06-14T00:00Z,2018-05-01T00:00Z,true,true,true,70.09,71.08,65.78,68.63,69.05,Stock,-0.006157797117991248
2018-06-18 00:00:00+00:00,CX,6.16,6.2,6.06,6.17,1385321,8547430.57,6.25,299,-0.030400000000000094,-0.08479999999999999,33,0,2018-06-18T00:00Z,2018-05-01T00:00Z,true,true,true,6.21,6.33,6.34,6.63,7.06,Stock,0.13687600644122377
2018-06-18 00:00:00+00:00,D,66.4,66.52,65.895,66.0,1708184,1.12740144E8,66.69,299,-0.011920827710301451,-0.07737291947818259,33,0,2018-06-18T00:00Z,2018-05-01T00:00Z,true,true,true,66.94,67.88,68.45,70.38,69.66,Stock,0.04063340304750529
2019-11-07 00:00:00+00:00,DAR,20.8,22.5,20.8,22.03,576503,1.270036109E7,22.62,176,-0.08045977011494254,-0.1962864721485411,384,208,2019-11-07T00:00Z,2019-02-28T00:00Z,true,true,true,22.6,22.85,22.94,24.05,28.69,Stock,0.26946902654867255
2024-02-01 00:00:00+00:00,DCI,65.03,66.67,64.83,66.65,195703,1.3043604950000001E7,66.96,230,-0.031810035842293805,-0.14784946236559127,1448,1218,2024-02-01T00:00Z,2023-03-03T00:00Z,true,true,true,67.41,67.05,66.88,72.52,73.96,Stock,0.0971665924936953
2022-03-04 00:00:00+00:00,DE,378.87,390.8,374.53,390.07,650743,2.5383532201E8,400.23,207,-0.0642130774804488,-0.19923543962221724,968,761,2022-03-04T00:00Z,2021-05-10T00:00Z,true,true,true,369.0,389.48,413.15,416.8,381.23,Stock,0.10694850948509482
2019-01-30 00:00:00+00:00,DEO,144.69,145.25,143.73,144.58,75523,1.0919115340000002E7,151.3,132,-0.050033046926636016,-0.13079973562458702,188,56,2019-01-30T00:00Z,2018-07-20T00:00Z,true,true,true,152.65,151.29,155.91,154.78,163.8,Stock,0.07304290861447771
2019-03-20 00:00:00+00:00,DKT,26.0,26.06,25.99,26.04,37849,985587.96,26.06,136,-0.0026861089792785675,-0.06676899462778196,222,86,2019-03-20T00:00Z,2018-08-31T00:00Z,true,true,true,26.07,25.98,25.87,25.8,25.93,,-0.005370157268891451
2019-11-26 00:00:00+00:00,DOC,18.8,19.015,18.63,18.9,1286381,2.43126009E7,19.18,168,-0.02867570385818563,-0.15984513274336276,397,229,2019-11-26T00:00Z,2019-03-29T00:00Z,true,true,true,19.24,19.08,18.65,18.65,19.53,Stock,-0.0281496881496881
2018-07-02 00:00:00+00:00,DTE,103.74,104.66,103.42,104.59,458457,4.795001763E7,105.4,299,-0.018785578747628096,-0.10540796963946863,43,0,2018-07-02T00:00Z,2018-05-01T00:00Z,true,true,true,105.02,104.0,106.38,108.54,110.73,Stock,0.05437059607693784
2022-03-24 00:00:00+00:00,DUK,106.57,108.08,106.47,107.47,753102,8.093587194E7,108.39,153,-0.017713811237199062,-0.17548424400115636,982,829,2022-03-24T00:00Z,2021-08-16T00:00Z,true,true,true,109.13,111.66,114.86,114.28,109.83,Stock,0.026247594611930714
2019-11-18 00:00:00+00:00,DXB,25.5,25.54,25.48,25.54,10090,257698.6,25.6,294,-0.004687500000000067,-0.12707609115488605,391,97,2019-11-18T00:00Z,2018-09-18T00:00Z,true,true,true,25.61,25.35,25.48,25.91,26.39,,0.030456852791878264
2024-07-15 00:00:00+00:00,EBF,22.75,22.89,22.6,22.65,66344,1502691.5999999999,23.17,143,-0.024600776866637863,-0.19404255319148933,1560,1417,2024-07-15T00:00Z,2023-12-15T00:00Z,true,true,true,23.34,23.65,23.48,22.35,23.06,Stock,-0.014121679520137098
2020-02-18 00:00:00+00:00,ECL,207.18,209.66,204.79,207.68,441640,9.17197952E7,209.88,125,-0.024251953497236522,-0.1627434064579738,452,327,2020-02-18T00:00Z,2019-08-19T00:00Z,true,true,true,210.31,194.78,193.92,169.5,174.66,Stock,-0.020000000000000018
2018-08-14 00:00:00+00:00,ED,78.28,78.98,78.26,78.52,356705,2.8008476599999998E7,80.24,299,-0.02467597208374861,-0.11328514456630101,73,0,2018-08-14T00:00Z,2018-05-01T00:00Z,true,true,true,79.79,79.62,78.45,80.15,77.77,Stock,-0.01557839328236632
2018-06-28 00:00:00+00:00,EEP,9.81,10.315,9.75,10.18,416812,4243146.16,10.645,299,-0.08407703147017376,-0.16486613433536867,41,0,2018-06-28T00:00Z,2018-05-01T00:00Z,true,true,true,10.93,10.84,10.98,10.88,11.58,,0.059469350411710975
2018-06-28 00:00:00+00:00,EEQ,9.34,9.74,9.18,9.59,198245,1901169.55,9.845,299,-0.06754697816150335,-0.14829862874555622,41,0,2018-06-28T00:00Z,2018-05-01T00:00Z,true,true,true,10.26,10.35,10.44,10.42,11.08,,0.0799220272904484
2018-06-18 00:00:00+00:00,EIG,40.5,40.9,40.25,40.8,40233,1641506.4,41.15,299,-0.021871202916160404,-0.047387606318347375,33,0,2018-06-18T00:00Z,2018-05-01T00:00Z,true,true,true,41.45,41.1,40.5,41.8,44.05,Stock,0.062726176115802
2018-07-05 00:00:00+00:00,EIX,64.5,65.3,64.11,65.28,733455,4.78799424E7,65.75,299,-0.02494296577946764,-0.10874524714828893,45,0,2018-07-05T00:00Z,2018-05-01T00:00Z,true,true,true,66.26,65.67,65.83,66.21,66.43,Stock,0.0025656504678539527
2018-07-06 00:00:00+00:00,ES,59.76,60.44,59.74,60.31,675353,4.073053943E7,60.45,299,-0.011745244003308564,-0.1270471464019851,46,0,2018-07-06T00:00Z,2018-05-01T00:00Z,true,true,true,58.46,59.14,58.75,60.93,62.43,Stock,0.06790968183373236
2024-07-12 00:00:00+00:00,ESE,115.22,117.24,114.65,117.0,69512,8132904.0,118.7,135,-0.03411962931760737,-0.18542544229149116,1559,1424,2024-07-12T00:00Z,2023-12-27T00:00Z,true,true,true,117.53,117.92,124.3,116.49,114.93,Stock,0.0364502680166765
2018-08-16 00:00:00+00:00,ESRT,17.12,17.315,17.1,17.29,205460,3552403.4,17.615,299,-0.02923644621061583,-0.09508941243258584,75,0,2018-08-16T00:00Z,2018-05-01T00:00Z,true,true,true,17.74,17.42,17.52,16.88,15.73,Stock,-0.032153325817361855
2025-10-15 00:00:00+00:00,EXC,47.495,47.87,47.41,47.84,73413,3512077.9200000004,48.05,133,-0.013319458896982272,-0.1546415441176472,1837,1704,2025-10-15T00:00Z,2025-04-04T00:00Z,true,true,true,47.34,48.105,47.21,45.93,43.1,Stock,-0.02269117025771028
2019-03-21 00:00:00+00:00,EXR,98.66,100.76,98.63,100.66,158474,1.595199284E7,101.95,184,-0.03256498283472298,-0.17900931829328104,223,39,2019-03-21T00:00Z,2018-06-26T00:00Z,true,true,true,100.61,102.76,100.92,100.7,105.99,Stock,0.05347380976046123
2024-07-24 00:00:00+00:00,FCN,226.61,231.23,225.54,230.49,60188,1.3872732120000001E7,232.18,159,-0.028598501162890977,-0.1991988974071841,1567,1408,2024-07-24T00:00Z,2023-12-04T00:00Z,true,true,true,225.64,217.97,214.52,224.84,225.26,Stock,-0.020000000000000018
2020-01-23 00:00:00+00:00,FCPT,29.12,29.48,28.99,29.45,153269,4513772.05,29.8,204,-0.027181208053691397,-0.1228070175438597,435,231,2020-01-23T00:00Z,2019-04-02T00:00Z,true,true,true,29.7,30.39,30.9,32.5,14.42,Stock,0.07239057239057245
2022-04-21 00:00:00+00:00,FCPT,29.89,30.07,29.67,29.84,189933,5667600.72,30.1,121,-0.014285714285714235,-0.19353846153846155,1001,880,2022-04-21T00:00Z,2021-10-27T00:00Z,true,true,true,29.73,28.89,26.96,26.16,25.71,Stock,-0.020000000000000018
2024-11-12 00:00:00+00:00,FDS,480.41,487.13,479.63,484.27,113129,5.478498083E7,488.56,164,-0.01827820533813662,-0.1988496806942852,1645,1481,2024-11-12T00:00Z,2024-03-20T00:00Z,true,true,true,490.83,481.4,490.98,490.04,454.86,Stock,-0.021577328199172685
2025-09-25 00:00:00+00:00,FE,44.24,44.58,43.87,44.24,1573986,6.963314064E7,44.93,264,-0.023592254618295172,-0.1635878032494993,1795,1531,2025-09-25T00:00Z,2024-09-05T00:00Z,true,true,true,45.43,45.46,46.67,46.52,46.57,Stock,0.02509355051727935
2018-08-07 00:00:00+00:00,FG,9.3,9.46,9.28,9.34,320860,2996832.4,9.53,299,-0.026232948583420734,-0.14585519412381942,68,0,2018-08-07T00:00Z,2018-05-01T00:00Z,true,true,true,9.56,9.34,9.11,8.92,8.9,Stock,-0.020000000000000018
2018-11-20 00:00:00+00:00,FII,25.55,25.99,25.41,25.91,399887,1.036107217E7,26.59,299,-0.04437758555848059,-0.1703647987965401,142,0,2018-11-20T00:00Z,2018-05-01T00:00Z,true,true,true,26.34,26.68,25.21,24.8,26.38,,-0.007350037965072165
2020-01-30 00:00:00+00:00,FII,34.01,34.86,33.79,34.82,204863,7133329.66,35.92,128,-0.05929844097995551,-0.16146993318485525,440,312,2020-01-30T00:00Z,2019-07-29T00:00Z,true,true,true,36.23,34.82,34.82,34.82,34.82,,-0.020000000000000018
2022-11-23 00:00:00+00:00,FLO,29.59,29.71,29.49,29.59,504464,1.492708976E7,29.725,214,-0.007905803195963124,-0.18724978973927675,1151,937,2022-11-23T00:00Z,2022-01-19T00:00Z,true,true,true,29.76,29.89,29.28,29.0,26.57,Stock,-0.015719086021505402
2018-07-05 00:00:00+00:00,FMX,88.59,93.52,88.32,93.18,153798,1.433089764E7,96.53,299,-0.08505127939500678,-0.16222935874857558,45,0,2018-07-05T00:00Z,2018-05-01T00:00Z,true,true,true,95.72,95.04,95.08,97.32,96.96,Stock,0.012954450480568314
2022-02-01 00:00:00+00:00,FOE,21.8,21.82,21.76,21.8,220305,4802649.0,22.0,184,-0.010909090909090868,-0.16322815533980595,879,695,2022-02-01T00:00Z,2021-05-11T00:00Z,true,true,true,21.83,21.84,21.81,21.8,21.7,,-0.005955107650022828
2019-02-14 00:00:00+00:00,FR,33.36,33.84,33.1,33.81,475821,1.6087508010000002E7,34.04,153,-0.02761457109283194,-0.19800235017626322,199,46,2019-02-14T00:00Z,2018-07-06T00:00Z,true,true,true,33.91,34.19,33.63,34.89,35.97,Stock,0.06074904158065464
2019-10-18 00:00:00+00:00,FRT,137.46,138.76,137.26,138.04,195668,2.701001072E7,139.29,141,-0.014573910546342161,-0.1517541273584906,370,229,2019-10-18T00:00Z,2019-03-29T00:00Z,true,true,true,139.72,139.04,135.64,131.86,128.45,Stock,-0.024769539078156377
2021-12-14 00:00:00+00:00,FTS,45.67,46.7,45.51,46.49,266472,1.2388283280000001E7,47.02,126,-0.0321139940450873,-0.1393112701252236,913,787,2021-12-14T00:00Z,2021-06-16T00:00Z,true,true,true,46.74,47.2,47.8,47.19,46.57,Stock,-0.0036371416345742924
2025-08-27 00:00:00+00:00,GATX,164.18,166.53,164.18,166.03,71267,1.183246001E7,168.66,132,-0.02656231471599657,-0.1731886635835409,1841,1709,2025-08-27T00:00Z,2025-02-18T00:00Z,true,true,true,170.08,168.5,171.38,174.49,161.99,Stock,0.005410395108184307
2022-12-01 00:00:00+00:00,GD,253.19,253.82,250.33,252.27,288414,7.275819978E7,254.99,187,-0.018275226479469775,-0.18683085611200445,1087,900,2022-12-01T00:00Z,2022-03-07T00:00Z,true,true,true,255.74,247.68,245.14,248.11,233.06,Stock,-0.020000000000000018
2018-11-01 00:00:00+00:00,GHC,581.39,605.26,581.39,603.5,13185,7957147.5,613.55,128,-0.05241626599299154,-0.12598810202917443,129,1,2018-11-01T00:00Z,2018-05-02T00:00Z,true,true,true,612.16,648.23,641.69,658.96,652.84,Stock,0.06645321484579214
2025-01-29 00:00:00+00:00,GIB,112.51,116.75,112.51,114.54,76765,8792663.1,118.89,220,-0.05366304987803849,-0.18470855412566234,1627,1407,2025-01-29T00:00Z,2024-03-13T00:00Z,true,true,true,119.01,120.17,120.65,110.29,99.26,Stock,-0.006495252499789883
2020-03-16 00:00:00+00:00,GIS,49.4,55.85,48.76,53.38,3787939,2.0220018382000002E8,56.39,130,-0.13530767866643023,-0.17900207900207898,471,341,2020-03-16T00:00Z,2019-09-09T00:00Z,true,true,true,59.67,47.28,54.1,58.85,62.51,Stock,-0.020000000000000018
2021-12-03 00:00:00+00:00,GIS,63.19,64.24,63.16,64.23,1438171,9.237372333000001E7,64.65,142,-0.023047177107502037,-0.18415482310250986,906,764,2021-12-03T00:00Z,2021-05-13T00:00Z,true,true,true,64.44,64.76,67.65,67.26,68.25,Stock,0.05912476722532589
2022-07-21 00:00:00+00:00,GPC,142.0,142.65,140.66,142.55,238541,3.4004019550000004E7,142.99,135,-0.016294845793412227,-0.19099237708930694,1063,928,2022-07-21T00:00Z,2022-01-05T00:00Z,true,true,true,144.49,149.61,149.93,159.97,154.68,Stock,0.08499273306111155
2019-07-26 00:00:00+00:00,GSK,41.67,41.92,41.58,41.91,642973,2.6946998429999996E7,42.36,280,-0.018413597733711096,-0.1402266288951841,311,31,2019-07-26T00:00Z,2018-06-14T00:00Z,true,true,true,42.18,41.05,40.47,41.19,41.92,Stock,-0.020000000000000018
2021-11-03 00:00:00+00:00,GWW,470.38,476.79,468.64,474.44,107327,5.092022188E7,479.79,124,-0.023239333875237134,-0.18474749369515842,885,761,2021-11-03T00:00Z,2021-05-10T00:00Z,true,true,true,479.83,481.01,486.58,488.01,518.24,Warrant,0.08004918408603046
2024-09-19 00:00:00+00:00,GWW,1034.11,1034.11,1022.64,1030.1,59233,6.10159133E7,1034.19,125,-0.011168160589446918,-0.16865747075428672,1607,1482,2024-09-19T00:00Z,2024-03-21T00:00Z,true,true,true,1032.22,1043.93,1029.15,1119.47,1176.01,Warrant,0.1393016992501599
2025-01-13 00:00:00+00:00,HESM,38.0,38.89,38.0,38.87,226198,8792316.26,39.11,123,-0.02838148811045771,-0.12758885195602154,1685,1562,2025-01-13T00:00Z,2024-07-17T00:00Z,true,true,true,40.07,41.08,40.87,39.37,40.64,Stock,-4.342400798602597E-4
2018-08-13 00:00:00+00:00,HII,237.85,242.03,237.43,240.54,88397,2.126301438E7,242.78,299,-0.02203641156602687,-0.16665293681522364,72,0,2018-08-13T00:00Z,2018-05-01T00:00Z,true,true,true,243.3,248.61,250.62,243.76,258.8,Stock,0.00948458692971621
2020-01-16 00:00:00+00:00,HRL,45.37,46.145,45.3,46.02,1100225,5.06323545E7,46.26,290,-0.02075226977950717,-0.19887591872027666,431,141,2020-01-16T00:00Z,2018-11-19T00:00Z,true,true,true,46.3,47.23,47.26,48.58,42.63,Stock,0.028259179265658796
2024-04-29 00:00:00+00:00,HSBC,42.25,42.34,42.11,42.18,354968,1.497255024E7,42.46,187,-0.00824305228450306,-0.1819787985865725,1439,1252,2024-04-29T00:00Z,2023-08-01T00:00Z,true,true,true,43.58,44.78,43.97,44.16,43.71,Stock,0.002983019733822978
2019-06-05 00:00:00+00:00,HTA,28.71,29.2,28.69,29.2,463698,1.35399816E7,29.21,198,-0.017802122560766853,-0.1708319068812051,275,77,2019-06-05T00:00Z,2018-08-20T00:00Z,true,true,true,28.91,28.64,29.15,27.69,26.71,,-0.011864406779661163
2019-06-28 00:00:00+00:00,HYT,10.7,10.72,10.685,10.72,159518,1710032.9600000002,10.73,206,-0.00419384902143527,-0.16589002795899355,292,86,2019-06-28T00:00Z,2018-08-31T00:00Z,true,true,true,10.77,10.81,10.71,10.68,11.21,Stock,0.040854224698235964
2021-11-04 00:00:00+00:00,IEX,230.84,234.5,230.84,233.38,93474,2.181496212E7,235.76,133,-0.020868680013573115,-0.14232768826890407,886,753,2021-11-04T00:00Z,2021-04-28T00:00Z,true,true,true,234.51,233.58,235.84,228.29,230.69,Stock,-0.014442028058504919
2018-10-29 00:00:00+00:00,IFF,142.01,142.58,138.59,139.79,292562,4.089724198E7,143.08,123,-0.031381045568912525,-0.14656136427173616,126,3,2018-10-29T00:00Z,2018-05-04T00:00Z,true,true,true,144.39,146.03,143.0,140.03,132.42,Stock,-0.008869035251748647
2019-06-06 00:00:00+00:00,IFF,141.65,148.86,141.5,148.52,486121,7.219869092E7,150.45,144,-0.05948820206048511,-0.1900963775340645,276,132,2019-06-06T00:00Z,2018-11-06T00:00Z,true,true,true,151.32,149.91,150.72,145.12,143.82,Stock,-0.023885804916732645
2024-09-25 00:00:00+00:00,IHG,111.73,111.84,110.47,110.78,35029,3880512.62,112.06,148,-0.014188827413885496,-0.18070676423344634,1611,1463,2024-09-25T00:00Z,2024-02-23T00:00Z,true,true,true,112.74,109.31,112.03,112.05,122.73,Stock,-0.020000000000000018
2019-03-14 00:00:00+00:00,INVH,23.72,23.86,23.62,23.86,641085,1.52962881E7,23.96,211,-0.014190317195325486,-0.19824707846410683,218,7,2019-03-14T00:00Z,2018-05-10T00:00Z,true,true,true,23.85,23.85,24.18,24.5,25.03,Stock,0.04947589098532501
2019-04-29 00:00:00+00:00,IPOA,10.27,10.27,10.24,10.25,2208,22632.0,10.29,181,-0.004859086491739495,-0.04178814382896012,247,66,2019-04-29T00:00Z,2018-08-03T00:00Z,true,true,true,10.235,10.33,10.32,10.34,10.4,,0.016121152906692915
2019-01-29 00:00:00+00:00,IRM,36.31,36.52,36.15,36.41,418298,1.5230230179999998E7,36.95,136,-0.021650879566982528,-0.18186738836265226,187,51,2019-01-29T00:00Z,2018-07-13T00:00Z,true,true,true,36.84,36.87,35.79,35.0,35.45,Stock,-0.01920195439739436
2021-11-15 00:00:00+00:00,ITW,238.99,241.58,238.19,239.02,367328,8.779873856E7,242.06,132,-0.015987771626869374,-0.15723374369990917,893,761,2021-11-15T00:00Z,2021-05-10T00:00Z,true,true,true,242.07,242.11,232.15,241.7,246.24,Warrant,-0.019838063370099412
2024-11-05 00:00:00+00:00,ITW,263.36,266.96,262.0,266.43,322365,8.588770695E7,271.25,157,-0.03410138248847927,-0.17634367903103698,1640,1483,2024-11-05T00:00Z,2024-03-22T00:00Z,true,true,true,275.47,271.2,266.46,275.9,252.29,Warrant,-0.018470250844012326
2019-08-07 00:00:00+00:00,IVR,16.08,16.36,15.945,16.32,711437,1.161065184E7,16.655,253,-0.042629840888622095,-0.1792254578204744,319,66,2019-08-07T00:00Z,2018-08-03T00:00Z,true,true,true,16.62,15.72,15.6,15.0,15.09,Stock,-0.020000000000000018
2020-01-16 00:00:00+00:00,JNJ,147.5,148.84,146.3,148.2,3066152,4.544037264E8,148.98,280,-0.017988991810981236,-0.18109813397771513,431,151,2020-01-16T00:00Z,2018-12-04T00:00Z,true,true,true,149.17,148.32,148.87,150.13,127.13,Stock,-0.01369310183012662
2021-08-02 00:00:00+00:00,JNJ,172.47,172.84,171.3,172.27,1370613,2.3611550151000002E8,173.62,130,-0.013362515839189015,-0.14121019108280242,819,689,2021-08-02T00:00Z,2021-01-26T00:00Z,true,true,true,174.39,173.71,177.84,173.66,162.81,Stock,-6.124204369516439E-4
2022-03-30 00:00:00+00:00,JNJ,178.44,179.86,177.69,179.59,2655444,4.7689118796000004E8,179.91,153,-0.012339503084875747,-0.1345117002945917,986,833,2022-03-30T00:00Z,2021-08-20T00:00Z,true,true,true,177.23,182.23,180.66,183.46,179.46,Stock,0.014449021046098354
2025-03-03 00:00:00+00:00,JNJ,165.02,167.33,164.85,167.28,3185770,5.329156056E8,168.85,122,-0.0236896653834765,-0.18656589191339445,1718,1596,2025-03-03T00:00Z,2024-09-04T00:00Z,true,true,true,165.42,167.7,162.84,165.84,155.91,Stock,-0.006492564381574195
2025-06-27 00:00:00+00:00,JNPR,36.85,37.2,36.75,36.82,1390466,5.119695812E7,39.44,158,-0.06820486815415816,-0.1516227180527383,1735,1577,2025-06-27T00:00Z,2024-11-06T00:00Z,true,true,true,39.93,36.82,36.82,36.82,36.82,,-0.020000000000000018
2025-11-04 00:00:00+00:00,K,83.1,83.2,83.03,83.19,664305,5.5263532949999996E7,83.2,170,-0.0020432692307692513,-0.0807692307692307,1889,1719,2025-11-04T00:00Z,2025-03-04T00:00Z,true,true,true,83.2,83.32,83.47,83.14,83.19,,-1.2019230769233502E-4
2019-03-20 00:00:00+00:00,KMB,120.26,120.3,118.53,119.57,836625,1.0003525125E8,120.46,145,-0.016021915988709834,-0.16702639880458237,222,77,2019-03-20T00:00Z,2018-08-20T00:00Z,true,true,true,121.46,123.35,121.77,123.45,128.72,Stock,0.0597727646961963
2019-06-04 00:00:00+00:00,KO,50.0,50.28,49.62,50.0,4094482,2.047241E8,50.83,132,-0.023804839661617172,-0.12590989573086753,274,142,2019-06-04T00:00Z,2018-11-20T00:00Z,true,true,true,50.78,51.33,50.64,51.98,52.63,Stock,0.03643166601024017
2025-04-02 00:00:00+00:00,KO,72.0,72.37,71.05,71.33,6131273,4.3734370309E8,73.53,144,-0.033727730178158666,-0.17564259485924116,1740,1596,2025-04-02T00:00Z,2024-09-04T00:00Z,true,true,true,73.18,69.95,71.68,71.29,72.1,Stock,-0.020000000000000018
2019-01-08 00:00:00+00:00,KOF,64.02,64.58,63.49,64.58,11850,765273.0,65.19,299,-0.026077619266758667,-0.16321521705783093,173,0,2019-01-08T00:00Z,2018-05-01T00:00Z,true,true,true,65.56,65.51,63.94,63.63,58.29,Stock,-0.020747406955460512
2024-11-05 00:00:00+00:00,KR,56.28,57.48,56.26,57.39,889932,5.1073197480000004E7,58.33,150,-0.0354877421566947,-0.1889210019267823,1640,1490,2024-11-05T00:00Z,2024-04-03T00:00Z,true,true,true,59.8,59.68,58.1,59.91,61.46,Stock,-0.021966555183946523
2019-12-26 00:00:00+00:00,KREF,20.73,20.87,20.73,20.77,76072,1580015.44,21.0,281,-0.01285714285714279,-0.1328344246959775,417,136,2019-12-26T00:00Z,2018-11-12T00:00Z,true,true,true,20.88,20.42,20.57,21.0,20.84,Stock,-0.020000000000000018
2024-07-22 00:00:00+00:00,KRG,23.67,24.05,23.5,23.99,637338,1.528973862E7,24.23,241,-0.030127940569541933,-0.18943458522492773,1565,1324,2024-07-22T00:00Z,2023-08-04T00:00Z,true,true,true,24.12,24.17,23.68,25.09,26.7,Stock,-0.017968490878938592
2019-05-20 00:00:00+00:00,L,51.7,52.24,51.62,51.94,317668,1.649967592E7,52.52,299,-0.01713632901751727,-0.19916222391469918,264,0,2019-05-20T00:00Z,2018-05-01T00:00Z,true,true,true,52.5,51.31,52.94,53.39,54.14,Stock,-0.02000000000000013
2020-02-10 00:00:00+00:00,LADR,18.67,18.73,18.63,18.7,123796,2314985.1999999997,18.82,239,-0.010095642933049986,-0.17845211581291764,447,208,2020-02-10T00:00Z,2019-02-28T00:00Z,true,true,true,18.71,18.72,17.75,14.29,5.2,Stock,-0.019476215927311746
2018-07-05 00:00:00+00:00,LDL,44.2,44.65,43.7,44.6,31170,1390182.0,44.8,299,-0.024553571428571286,-0.1651785714285714,45,0,2018-07-05T00:00Z,2018-05-01T00:00Z,true,true,true,44.7,45.1,45.7,42.05,42.65,,0.001923937360178929
2018-07-18 00:00:00+00:00,LDOS,63.49,63.79,63.07,63.51,202305,1.2848390549999999E7,64.09,299,-0.01591511936339529,-0.10188797004212824,54,0,2018-07-18T00:00Z,2018-05-01T00:00Z,true,true,true,64.05,63.75,68.62,70.62,70.88,Stock,0.10663544106167056
2019-08-07 00:00:00+00:00,LSI,100.37,102.23,99.88,101.94,150017,1.529273298E7,102.92,242,-0.029537504858142327,-0.13670812281383604,319,77,2019-08-07T00:00Z,2018-08-20T00:00Z,true,true,true,103.37,99.55,104.26,104.32,106.81,,-0.020000000000000018
2019-08-09 00:00:00+00:00,LTC,47.09,47.56,46.6,47.46,123362,5854760.5200000005,48.12,125,-0.03158769742310885,-0.1473214285714286,321,196,2019-08-09T00:00Z,2019-02-11T00:00Z,true,true,true,48.25,49.05,48.84,50.35,51.05,Stock,0.05803108808290158
2022-10-27 00:00:00+00:00,MCD,263.0,266.99,262.44,265.11,1326794,3.5174635734000003E8,271.14,205,-0.03208674485505636,-0.1972781588847089,1132,927,2022-10-27T00:00Z,2022-01-04T00:00Z,true,true,true,274.52,272.95,275.88,275.0,267.57,Stock,-0.01828646364563591
2024-09-25 00:00:00+00:00,MCD,300.33,301.77,298.4,300.47,821814,2.4693045258E8,302.37,171,-0.013129609418923938,-0.19452988060984888,1611,1440,2024-09-25T00:00Z,2024-01-22T00:00Z,true,true,true,303.65,303.76,303.83,298.57,290.91,Stock,-0.03639519183270212
2019-07-15 00:00:00+00:00,MDT,99.29,99.86,99.0,99.82,1762635,1.759462257E8,100.16,199,-0.011581469648562215,-0.18450479233226824,302,103,2019-07-15T00:00Z,2018-09-26T00:00Z,true,true,true,99.87,101.24,103.26,101.0,107.48,Stock,0.013265244818263744
2025-10-02 00:00:00+00:00,MDT,94.41,95.75,94.0,95.48,2932740,2.800180152E8,96.25,143,-0.023376623376623384,-0.17361038961038955,1866,1723,2025-10-02T00:00Z,2025-03-10T00:00Z,true,true,true,97.7,96.5,95.04,90.97,105.33,Stock,-0.04668167860798367
2019-03-25 00:00:00+00:00,MGP,31.21,31.5,31.15,31.38,115016,3609202.08,31.59,186,-0.013928458372902908,-0.19278252611585944,225,39,2019-03-25T00:00Z,2018-06-26T00:00Z,true,true,true,32.13,32.19,32.43,32.37,31.65,,-0.012679738562091702
2020-02-05 00:00:00+00:00,MGP,33.15,33.26,33.01,33.06,200825,6639274.5,33.27,203,-0.007814848211602166,-0.19278252611585944,444,241,2020-02-05T00:00Z,2019-04-16T00:00Z,true,true,true,33.38,33.71,34.11,27.98,22.82,,0.0014319952067105568
2019-04-16 00:00:00+00:00,MMM,216.6,217.67,215.48,216.9,398567,8.64491823E7,217.87,141,-0.010969844402625495,-0.188277413136274,241,100,2019-04-16T00:00Z,2018-09-21T00:00Z,true,true,true,217.64,219.08,186.07,174.12,168.85,Stock,-0.013515897812901856
2018-11-27 00:00:00+00:00,MMS,68.11,68.83,67.66,68.08,252165,1.71673932E7,69.01,141,-0.019562382263440203,-0.12635849876829452,146,5,2018-11-27T00:00Z,2018-05-08T00:00Z,true,true,true,69.57,70.74,70.32,64.38,69.26,Stock,-0.009435101336783158
2024-05-08 00:00:00+00:00,MMS,84.0,84.46,83.35,84.12,97260,8181511.2,89.82,200,-0.07203295479848582,-0.1936094411044309,1515,1315,2024-05-08T00:00Z,2023-07-24T00:00Z,true,true,true,83.67,87.02,85.79,86.12,84.71,Stock,0.012429783673957084
2025-11-28 00:00:00+00:00,MPLX,53.72,54.43,53.72,54.33,355997,1.9341317009999998E7,54.86,178,-0.020780167699599006,-0.18702150929639083,1840,1662,2025-11-28T00:00Z,2025-03-17T00:00Z,true,true,true,54.85,55.86,54.85,54.01,55.75,Stock,0.016408386508659945
2018-06-14 00:00:00+00:00,MSGN,20.35,20.7,20.35,20.55,109189,2243833.95,20.95,299,-0.02863961813842475,-0.14319809069212408,31,0,2018-06-14T00:00Z,2018-05-01T00:00Z,true,true,true,22.1,23.25,24.3,23.3,23.05,,0.07755656108597275
2019-02-26 00:00:00+00:00,NAD,13.3,13.355,13.3,13.33,34309,457338.97000000003,13.365,163,-0.00486344930789373,-0.08342686120463905,206,43,2019-02-26T00:00Z,2018-07-02T00:00Z,true,true,true,13.37,13.43,13.46,13.57,13.3,Stock,-0.005235602094240677
2019-02-13 00:00:00+00:00,NEA,13.05,13.09,13.03,13.09,41309,540734.8099999999,13.09,155,-0.004583651642475206,-0.08097784568372812,198,43,2019-02-13T00:00Z,2018-07-02T00:00Z,true,true,true,13.09,13.01,13.07,13.15,13.22,Stock,0.009931245225363039
2021-12-07 00:00:00+00:00,NGG,67.75,68.09,67.69,67.95,54606,3710477.7,68.49,131,-0.011680537304715966,-0.19093804284887084,908,777,2021-12-07T00:00Z,2021-06-02T00:00Z,true,true,true,68.77,69.6,71.49,71.75,74.59,Stock,0.08462992583975582
2019-08-30 00:00:00+00:00,NHI,83.14,83.43,82.84,82.96,57809,4795834.64,84.57,136,-0.020456426628828073,-0.12947853848882573,336,200,2019-08-30T00:00Z,2019-02-15T00:00Z,true,true,true,84.4,83.32,82.34,82.39,84.19,Stock,-0.002488151658767812
2019-03-12 00:00:00+00:00,NI,27.81,28.06,27.76,28.0,641058,1.7949624E7,28.105,122,-0.012275395837039627,-0.14001067425724956,216,94,2019-03-12T00:00Z,2018-09-13T00:00Z,true,true,true,27.98,27.8,28.82,27.96,27.47,Stock,0.0094210150107219
2019-01-30 00:00:00+00:00,NIQ,12.66,12.71,12.66,12.67,6438,81569.46,12.75,123,-0.007058823529411784,-0.07372549019607844,188,65,2019-01-30T00:00Z,2018-08-02T00:00Z,true,true,true,12.7,12.73,12.8,12.82,13.02,Stock,0.025196850393700787
2024-05-09 00:00:00+00:00,NNI,96.84,98.91,96.12,98.55,37409,3686656.9499999997,101.57,225,-0.05365757605592192,-0.1958255390371172,1516,1291,2024-05-09T00:00Z,2023-06-16T00:00Z,true,true,true,109.19,109.54,106.14,100.69,101.61,Stock,-0.016858686692920455
2024-12-04 00:00:00+00:00,NPK,83.35,85.96,83.35,85.39,16926,1445311.14,86.14,144,-0.03238913396795917,-0.19294172277687494,1660,1516,2024-12-04T00:00Z,2024-05-09T00:00Z,true,true,true,85.6,92.5,91.56,96.11,96.67,Stock,0.12932242990654208
2018-11-06 00:00:00+00:00,NRE,14.25,14.685,14.25,14.63,168175,2460400.25,14.8,126,-0.03716216216216217,-0.15405405405405415,132,6,2018-11-06T00:00Z,2018-05-09T00:00Z,true,true,true,16.3,16.48,15.72,16.1,15.66,,-0.009177914110429453
2019-03-26 00:00:00+00:00,NVG,15.0,15.07,14.98,15.07,95127,1433563.8900000001,15.11,204,-0.008603573792190566,-0.11978821972203835,226,22,2019-03-26T00:00Z,2018-06-01T00:00Z,true,true,true,15.12,15.15,15.39,15.38,15.63,Stock,0.03373015873015883
2019-03-12 00:00:00+00:00,NZF,14.83,14.91,14.82,14.91,45208,674051.28,14.93,124,-0.007367716008037428,-0.12793034159410588,216,92,2019-03-12T00:00Z,2018-09-11T00:00Z,true,true,true,14.93,14.81,15.0,15.26,15.54,Stock,0.04085733422638982
2019-08-22 00:00:00+00:00,OHI,39.48,40.21,39.4,40.18,468144,1.8810025919999998E7,40.265,141,-0.0214826772631318,-0.1394511362225258,330,189,2019-08-22T00:00Z,2019-01-31T00:00Z,true,true,true,40.39,40.65,41.5,40.95,44.96,Stock,0.11314681851943553
2019-02-04 00:00:00+00:00,OMC,77.24,78.12,76.73,77.84,433643,3.3754771120000005E7,78.38,141,-0.02105128859402894,-0.1592242919112017,191,50,2019-02-04T00:00Z,2018-07-12T00:00Z,true,true,true,78.36,73.88,74.97,76.41,73.54,Stock,-0.020000000000000018
2019-07-02 00:00:00+00:00,ORI,22.47,22.89,22.44,22.79,460631,1.049778049E7,23.04,194,-0.02604166666666663,-0.15147569444444442,294,100,2019-07-02T00:00Z,2018-09-21T00:00Z,true,true,true,23.15,22.88,22.93,22.81,22.97,Stock,-0.007775377969762354
2018-08-17 00:00:00+00:00,PAY,23.02,23.04,23.02,23.03,3981535,9.169475105000001E7,23.07,299,-0.0021673168617252214,-0.015171218032076328,76,0,2018-08-17T00:00Z,2018-05-01T00:00Z,true,true,true,28.61,33.5,28.25,34.93,29.91,Stock,0.1475008738203425
2021-09-10 00:00:00+00:00,PG,144.1,144.46,143.37,144.13,1996622,2.8777312886E8,146.0,210,-0.01801369863013691,-0.16753424657534244,847,637,2021-09-10T00:00Z,2020-11-09T00:00Z,true,true,true,145.68,144.34,143.55,141.73,146.04,Stock,0.0024711696869850197
2022-01-06 00:00:00+00:00,PGR,104.46,105.4,104.03,105.25,1160586,1.221516765E8,107.58,164,-0.03299869864287042,-0.16945528908719099,929,765,2022-01-06T00:00Z,2021-05-14T00:00Z,true,true,true,109.18,109.26,108.02,109.07,106.52,Stock,-0.020987360322403448
2021-11-03 00:00:00+00:00,PH,299.57,304.37,298.4,304.08,196796,5.984172768E7,324.67,124,-0.08091292697200247,-0.15712632725292675,885,761,2021-11-03T00:00Z,2021-05-10T00:00Z,true,true,true,325.64,326.79,329.32,304.93,318.12,Stock,-0.008925193465176284
2020-02-12 00:00:00+00:00,PNW,98.32,98.84,98.07,98.65,301098,2.9703317700000003E7,99.81,172,-0.017433122933573908,-0.15599639314697933,449,277,2020-02-12T00:00Z,2019-06-07T00:00Z,true,true,true,100.22,101.09,93.61,80.1,82.23,Warrant,-0.011492716024745553
2019-04-15 00:00:00+00:00,PPG,115.87,116.57,115.48,116.47,236778,2.757753366E7,116.67,140,-0.01019970857975483,-0.19079454872717927,240,100,2019-04-15T00:00Z,2018-09-21T00:00Z,true,true,true,118.4,117.62,117.5,111.56,116.99,Stock,-0.027449324324324453
2019-10-16 00:00:00+00:00,PPG,118.13,120.02,117.85,118.96,356003,4.2350116879999995E7,121.22,125,-0.027800692954958017,-0.19079454872717927,368,243,2019-10-16T00:00Z,2019-04-18T00:00Z,true,true,true,121.24,124.47,125.98,130.32,133.76,Stock,0.10326624876278445
2018-07-02 00:00:00+00:00,PPL,28.69,28.79,28.45,28.74,1279382,3.676943868E7,29.21,299,-0.02601848681958241,-0.1331735706949675,43,0,2018-07-02T00:00Z,2018-05-01T00:00Z,true,true,true,29.04,28.31,28.41,28.77,29.59,Stock,-0.020000000000000018
2019-10-21 00:00:00+00:00,PPL,32.08,32.655,32.08,32.65,2109865,6.888709225E7,32.885,152,-0.024479245856773635,-0.1586568083795441,371,219,2019-10-21T00:00Z,2019-03-15T00:00Z,true,true,true,32.74,32.94,33.47,33.65,35.97,Stock,0.09865607819181421
2022-08-15 00:00:00+00:00,PPL,30.45,30.62,30.115,30.6,2541678,7.77753468E7,30.71,235,-0.01937479648323026,-0.18658417453598175,1080,845,2022-08-15T00:00Z,2021-09-08T00:00Z,true,true,true,30.91,30.23,29.88,29.42,24.74,Stock,-0.020000000000000018
2018-06-18 00:00:00+00:00,PRTY,15.5,15.65,15.45,15.55,81736,1270994.8,16.0,299,-0.034375000000000044,-0.11250000000000004,33,0,2018-06-18T00:00Z,2018-05-01T00:00Z,true,true,true,16.05,15.85,14.95,16.65,15.25,,-0.03221183800623062
2018-10-05 00:00:00+00:00,PRU,105.0,105.85,104.19,104.46,764512,7.986092352E7,106.2,299,-0.018926553672316437,-0.1331450094161959,110,0,2018-10-05T00:00Z,2018-05-01T00:00Z,true,true,true,105.99,97.76,97.6,95.91,94.26,Stock,-0.020000000000000018
2019-05-22 00:00:00+00:00,PSA,231.38,232.79,230.72,231.76,167387,3.879361112E7,234.9,220,-0.017794806300553412,-0.17454235845040444,266,46,2019-05-22T00:00Z,2018-07-06T00:00Z,true,true,true,234.43,233.26,244.72,242.48,244.08,Stock,0.04116367359126394
2019-03-01 00:00:00+00:00,QGEN,38.71,39.37,38.7,39.25,305997,1.201038225E7,39.45,125,-0.019011406844106515,-0.1804816223067175,209,84,2019-03-01T00:00Z,2018-08-29T00:00Z,true,true,true,39.13,38.89,39.84,40.68,38.94,Stock,0.018819320214668922
2022-03-02 00:00:00+00:00,RCI,51.68,53.4,51.68,53.27,167059,8899232.93,53.9,167,-0.04118738404452693,-0.17977736549165113,897,730,2022-03-02T00:00Z,2021-07-02T00:00Z,true,true,true,53.37,53.39,53.43,56.19,56.24,Stock,0.0537755293235902
2018-06-22 00:00:00+00:00,RE,229.69,230.26,227.86,230.0,323363,7.437349E7,233.12,299,-0.022563486616334893,-0.04418325326012362,37,0,2018-06-22T00:00Z,2018-05-01T00:00Z,true,true,true,232.67,230.48,235.01,225.26,220.4,,-0.01014398074526146
2019-04-30 00:00:00+00:00,RE,231.52,235.68,230.46,235.5,121072,2.8512456E7,237.01,196,-0.027635964727226625,-0.15176574828066325,250,54,2019-04-30T00:00Z,2018-07-18T00:00Z,true,true,true,236.46,246.89,248.45,244.63,242.93,,0.027361921678085155
2019-02-20 00:00:00+00:00,RELX,22.01,22.17,21.96,22.08,64251,1418662.0799999998,23.11,174,-0.049762007788835994,-0.16789268714842054,202,28,2019-02-20T00:00Z,2018-06-11T00:00Z,true,true,true,23.07,22.93,21.87,21.56,22.1,Stock,-0.02594711746857392
2018-11-05 00:00:00+00:00,REXR,32.21,32.82,32.13,32.76,350851,1.149387876E7,32.91,127,-0.02370100273473086,-0.09693102400486164,131,4,2018-11-05T00:00Z,2018-05-07T00:00Z,true,true,true,33.11,32.74,33.19,32.45,28.94,Stock,-0.017632135306554053
2019-06-19 00:00:00+00:00,RGA,154.05,155.06,152.33,152.84,80619,1.232180796E7,155.21,280,-0.018555505444236786,-0.17640615939694615,285,5,2019-06-19T00:00Z,2018-05-08T00:00Z,true,true,true,155.28,149.68,157.94,158.21,145.55,Stock,-0.020000000000000018
2024-09-24 00:00:00+00:00,RL,188.63,191.0,187.45,190.61,228760,4.36039436E7,191.5,128,-0.021148825065274157,-0.1994843462246777,1610,1482,2024-09-24T00:00Z,2024-03-21T00:00Z,true,true,true,189.31,192.23,194.57,199.19,205.53,Stock,0.0856795731868365
2019-04-22 00:00:00+00:00,RLI,77.91,78.82,76.94,78.67,94716,7451307.72,79.99,149,-0.03812976622077757,-0.19327415926990865,244,95,2019-04-22T00:00Z,2018-09-14T00:00Z,true,true,true,78.93,79.56,83.63,84.54,88.53,Stock,0.12162675788673494
2022-04-20 00:00:00+00:00,RLI,111.98,114.19,111.98,113.68,76675,8716414.0,117.84,251,-0.049728445349626615,-0.18406313645621175,1000,749,2022-04-20T00:00Z,2021-04-22T00:00Z,true,true,true,118.98,114.52,117.35,118.45,109.21,Stock,-0.020000000000000018
2024-02-06 00:00:00+00:00,RS,288.52,291.69,287.45,291.39,77503,2.2583599169999998E7,295.96,130,-0.0287538856602243,-0.18752534126233267,1451,1321,2024-02-06T00:00Z,2023-08-01T00:00Z,true,true,true,298.26,289.07,316.27,322.27,336.28,Stock,-0.019999999999999907
2022-07-28 00:00:00+00:00,RSG,133.65,137.5,133.37,137.26,490606,6.734057956E7,140.09,143,-0.04796916268113349,-0.1864515668498823,1068,925,2022-07-28T00:00Z,2021-12-31T00:00Z,true,true,true,138.66,141.54,141.8,147.56,140.51,Stock,0.042902062599163404
2019-09-26 00:00:00+00:00,RY,81.06,81.26,80.9,80.9,348613,2.8202791700000003E7,81.56,248,-0.008092202059833187,-0.19347719470328595,354,106,2019-09-26T00:00Z,2018-10-01T00:00Z,true,true,true,81.08,78.82,79.56,80.96,82.19,Stock,-0.020000000000000018
2018-07-12 00:00:00+00:00,S,5.53,5.66,5.505,5.66,2676291,1.514780706E7,5.68,299,-0.03080985915492951,-0.11267605633802813,50,0,2018-07-12T00:00Z,2018-05-01T00:00Z,true,true,true,5.66,5.47,5.48,6.08,5.95,Stock,-0.020000000000000018
2019-05-17 00:00:00+00:00,S,6.06,6.24,6.01,6.18,12306029,7.605125922E7,6.61,157,-0.09077155824508332,-0.17624810892586984,263,106,2019-05-17T00:00Z,2018-10-01T00:00Z,true,true,true,7.34,7.16,6.78,7.1,7.22,Stock,-0.020000000000000018
2019-03-14 00:00:00+00:00,SAFE,19.44,19.98,19.44,19.86,6552,130122.72,20.15,173,-0.03523573200992547,-0.19950372208436729,218,45,2019-03-14T00:00Z,2018-07-05T00:00Z,true,true,true,20.64,20.9,21.28,22.82,27.38,Stock,0.32655038759689914
2023-07-20 00:00:00+00:00,SAIC,116.08,117.54,115.73,117.53,93375,1.097436375E7,117.72,155,-0.0169045191980971,-0.19917180082819919,1313,1158,2023-07-20T00:00Z,2022-12-05T00:00Z,true,true,true,117.73,117.88,122.66,116.23,109.75,Stock,0.02103796823239623
2025-02-04 00:00:00+00:00,SAN,5.06,5.145,5.06,5.13,235744,1209366.72,5.27,178,-0.03984819734345346,-0.18785578747628073,1700,1522,2025-02-04T00:00Z,2024-05-17T00:00Z,true,true,true,5.62,5.83,5.98,6.64,6.85,Stock,0.21886120996441272
2018-06-22 00:00:00+00:00,SCG,36.58,37.1,36.39,37.01,1549531,5.7348142309999995E7,37.64,299,-0.03320935175345374,-0.1065356004250797,37,0,2018-06-22T00:00Z,2018-05-01T00:00Z,true,true,true,38.4,38.52,39.49,40.26,38.9,,0.02746874999999993
2018-06-14 00:00:00+00:00,SEND,27.5,29.41,26.98,29.01,554529,1.6086886290000001E7,29.44,299,-0.08355978260869568,-0.1640625000000001,31,0,2018-06-14T00:00Z,2018-05-01T00:00Z,true,true,true,28.33,29.69,26.74,26.09,31.84,,0.027045534768796342
2018-07-18 00:00:00+00:00,SEP,34.5,34.79,34.1,34.63,601042,2.081408446E7,36.22,299,-0.05853119823302033,-0.17448923246824954,54,0,2018-07-18T00:00Z,2018-05-01T00:00Z,true,true,true,36.5,36.4,36.72,36.91,37.71,,0.03315068493150686
2022-01-04 00:00:00+00:00,SJM,136.8,139.67,136.8,138.57,359012,4.9748292839999996E7,140.62,148,-0.027165410325700412,-0.15687668894894047,927,779,2022-01-04T00:00Z,2021-06-04T00:00Z,true,true,true,141.01,142.11,143.4,139.58,133.42,Stock,-0.003389830508474412
2026-01-23 00:00:00+00:00,SKM,23.86,24.17,23.8,24.15,220399,5322635.85,24.34,286,-0.022185702547247277,-0.19731489015459713,1943,1657,2026-01-23T00:00Z,2024-11-29T00:00Z,true,true,true,24.8,24.15,24.15,24.15,24.15,Stock,-0.02000000000000013
2024-03-07 00:00:00+00:00,SNA,286.75,294.95,286.17,294.61,170569,5.025133309E7,297.48,161,-0.038019362646228294,-0.16004437273093997,1472,1311,2024-03-07T00:00Z,2023-07-18T00:00Z,true,true,true,295.24,290.85,293.18,292.76,271.03,Stock,-0.028231946890665327
2024-10-14 00:00:00+00:00,SNA,291.19,296.85,291.17,296.6,121864,3.6144862400000006E7,298.36,137,-0.024098404611878288,-0.16004437273093997,1624,1487,2024-10-14T00:00Z,2024-03-28T00:00Z,true,true,true,295.68,325.99,332.59,361.85,354.78,Stock,0.19987824675324672
2018-12-11 00:00:00+00:00,SNN,38.07,38.26,37.85,37.95,208688,7919709.600000001,39.06,299,-0.0309779825908858,-0.17511520737327202,155,0,2018-12-11T00:00Z,2018-05-01T00:00Z,true,true,true,38.6,36.4,36.72,37.43,40.19,Stock,-0.019999999999999907
2025-01-08 00:00:00+00:00,SNX,122.08,122.22,119.9,122.1,258411,3.1551983099999998E7,133.85,140,-0.10422114307060137,-0.1945461337317893,1683,1543,2025-01-08T00:00Z,2024-06-18T00:00Z,true,true,true,134.01,137.17,142.5,142.73,126.23,Stock,0.043768375494366074
2022-04-06 00:00:00+00:00,SNY,53.31,54.15,53.23,54.12,114216,6181369.92,54.25,206,-0.01880184331797241,-0.16487985212569323,840,634,2022-04-06T00:00Z,2021-06-14T00:00Z,true,true,true,55.55,56.7,55.24,51.49,53.52,Stock,2.8802880288036903E-4
2019-02-11 00:00:00+00:00,SO,49.02,49.38,49.02,49.24,2532981,1.2472398444E8,49.43,129,-0.008294557960752513,-0.1401982601658912,196,67,2019-02-11T00:00Z,2018-08-06T00:00Z,true,true,true,49.37,48.92,49.22,51.68,51.95,Stock,0.05225845655256234
2025-07-17 00:00:00+00:00,SO,93.0,93.8,92.79,93.33,1314183,1.2265269939E8,94.46,180,-0.017679441033241483,-0.14821088291340245,1812,1632,2025-07-17T00:00Z,2024-10-24T00:00Z,true,true,true,94.1,95.0,94.48,94.19,92.27,Stock,-0.019062699256110593
2023-10-27 00:00:00+00:00,SPH,17.0,17.0,16.79,17.0,62661,1065237.0,17.05,284,-0.015249266862170208,-0.18104426787741212,1383,1099,2023-10-27T00:00Z,2022-09-12T00:00Z,true,true,true,17.45,17.76,16.85,17.18,18.32,Stock,-0.002590257879656055
2018-12-12 00:00:00+00:00,SRC,7.71,7.79,7.65,7.65,1715981,1.312725465E7,8.84,136,-0.13461538461538458,-0.1826923076923077,156,20,2018-12-12T00:00Z,2018-05-30T00:00Z,true,true,true,39.72,36.3,35.62,36.99,40.12,,-0.02000000000000013
2019-03-20 00:00:00+00:00,SRE PRA,105.79,106.66,105.7,106.36,2486,264410.96,106.73,194,-0.009650520003747776,-0.10887285674130986,222,28,2019-03-20T00:00Z,2018-06-11T00:00Z,true,true,true,107.37,106.97,106.74,106.57,108.78,,0.013132159821179101
2021-11-04 00:00:00+00:00,SSD,115.0,118.78,115.0,116.55,84293,9824349.15,119.66,125,-0.0389436737422697,-0.17400479616306952,886,761,2021-11-04T00:00Z,2021-05-10T00:00Z,true,true,true,119.54,119.75,119.41,123.25,133.99,Stock,0.1208800401539234
2019-03-20 00:00:00+00:00,STAG,28.5,28.76,28.12,28.53,296021,8445479.13,29.06,145,-0.032346868547831975,-0.19993117687543016,222,77,2019-03-20T00:00Z,2018-08-20T00:00Z,true,true,true,28.93,29.36,29.64,28.35,29.59,Stock,0.004051157967507768
2019-12-31 00:00:00+00:00,STAG,31.28,31.58,31.28,31.57,506674,1.599569818E7,31.66,134,-0.012002526847757378,-0.19993117687543016,420,286,2019-12-31T00:00Z,2019-06-20T00:00Z,true,true,true,31.22,31.49,32.02,32.6,27.98,Stock,0.02331838565022437
2025-05-14 00:00:00+00:00,STE,230.52,230.69,226.54,227.5,328763,7.47935825E7,248.0,166,-0.08653225806451614,-0.18959677419354848,1769,1603,2025-05-14T00:00Z,2024-09-13T00:00Z,true,true,true,246.88,246.33,245.0,242.41,225.79,Stock,-0.0377438431626701
2025-02-25 00:00:00+00:00,STN,78.63,83.91,78.5,83.74,61120,5118188.8,88.42,141,-0.11219181180728344,-0.17326396742818373,1714,1573,2025-02-25T00:00Z,2024-08-01T00:00Z,true,true,true,89.33,81.57,80.85,83.87,86.6,Stock,-0.02000000000000013
2019-04-25 00:00:00+00:00,STWD,22.9,22.95,22.785,22.9,389872,8928068.799999999,23.04,182,-0.01106770833333326,-0.1684027777777778,247,65,2019-04-25T00:00Z,2018-08-02T00:00Z,true,true,true,23.05,23.05,22.38,22.62,23.06,Stock,-0.02000000000000013
2018-06-14 00:00:00+00:00,STZ,230.46,232.24,230.27,232.18,315462,7.324396716E7,232.77,299,-0.010740215663530561,-0.07844653520642697,31,0,2018-06-14T00:00Z,2018-05-01T00:00Z,true,true,true,233.02,231.36,232.33,215.5,213.3,Stock,-0.0229018968328899
2024-04-10 00:00:00+00:00,STZ,259.01,265.27,258.09,264.92,662498,1.7550897016E8,273.64,169,-0.05682648735564977,-0.19641286473670128,1495,1326,2024-04-10T00:00Z,2023-08-08T00:00Z,true,true,true,268.34,257.31,261.55,258.36,250.11,Stock,-0.020000000000000018
2018-08-01 00:00:00+00:00,SUN,26.67,27.0,26.48,26.9,161146,4334827.399999999,28.03,299,-0.05529789511237959,-0.12772029967891552,64,0,2018-08-01T00:00Z,2018-05-01T00:00Z,true,true,true,27.48,25.95,26.55,27.47,29.25,Stock,-0.020000000000000018
2019-05-22 00:00:00+00:00,SWX,84.56,85.66,84.31,85.55,127466,1.0904716299999999E7,85.92,130,-0.018738361266294246,-0.1522346368715084,266,136,2019-05-22T00:00Z,2018-11-12T00:00Z,true,true,true,86.9,83.8,87.38,90.69,89.12,Stock,-0.020000000000000018
2025-08-12 00:00:00+00:00,SWX,79.03,79.84,77.95,79.72,147524,1.176061328E7,80.27,176,-0.028902454217017537,-0.19309829326024663,1830,1654,2025-08-12T00:00Z,2024-11-25T00:00Z,true,true,true,79.93,76.62,77.51,78.76,79.4,Stock,-0.020000000000000018
2019-01-29 00:00:00+00:00,SYK,162.13,163.38,160.8,161.07,413524,6.660631068E7,179.85,162,-0.10592160133444528,-0.195162635529608,187,25,2019-01-29T00:00Z,2018-06-06T00:00Z,true,true,true,179.39,179.35,185.66,186.77,196.2,Stock,0.09370644963487385
2025-08-12 00:00:00+00:00,SYY,80.04,80.9,79.89,80.75,741494,5.98756405E7,82.23,168,-0.028456767603064592,-0.18943050193050182,1830,1662,2025-08-12T00:00Z,2024-12-06T00:00Z,true,true,true,82.19,79.49,79.63,80.19,78.76,Stock,-0.020000000000000018
2019-01-28 00:00:00+00:00,TDG,347.47,351.44,344.46,350.77,71907,2.5222818389999997E7,377.56,123,-0.08766818518910913,-0.1858777412861532,186,63,2019-01-28T00:00Z,2018-07-31T00:00Z,true,true,true,375.72,402.63,428.73,431.85,445.58,Stock,0.18593633556904066
2025-05-01 00:00:00+00:00,TDG,1419.25,1442.91,1403.2,1434.19,64316,9.224136404E7,1450.93,144,-0.0328961424741373,-0.18328244643090985,1760,1616,2025-05-01T00:00Z,2024-10-02T00:00Z,true,true,true,1450.28,1384.99,1405.62,1468.43,1520.64,Stock,-0.020000000000000018
2022-03-23 00:00:00+00:00,TDY,449.21,455.9,447.37,454.64,126063,5.731328232E7,465.9,140,-0.03977248336552908,-0.16087143163769047,981,841,2022-03-23T00:00Z,2021-09-01T00:00Z,true,true,true,467.93,473.12,476.25,479.41,390.6,Stock,0.004042912401427623
2019-09-10 00:00:00+00:00,TM,133.58,133.85,133.31,133.62,46030,6150528.600000001,135.57,280,-0.01667035479825918,-0.1981533578590493,342,62,2019-09-10T00:00Z,2018-07-30T00:00Z,true,true,true,135.55,137.82,137.41,131.43,140.74,Stock,-0.00655256362965706
2021-07-22 00:00:00+00:00,TMO,519.71,525.87,518.73,524.5,271382,1.42339859E8,532.52,176,-0.025895741005032558,-0.18596484639074584,812,636,2021-07-22T00:00Z,2020-11-06T00:00Z,true,true,true,532.26,533.77,542.35,551.88,596.8,Stock,0.12125652876413784
2018-07-19 00:00:00+00:00,TPR,47.29,48.16,47.04,48.02,378792,1.818959184E7,48.57,299,-0.0315009264978382,-0.10356186946674906,55,0,2018-07-19T00:00Z,2018-05-01T00:00Z,true,true,true,48.32,47.99,46.53,51.38,49.94,Stock,-0.026692880794702
2025-02-05 00:00:00+00:00,TRI,168.96,170.51,167.78,169.23,135434,2.291949582E7,176.03,174,-0.04686701130489124,-0.1397489064364028,1701,1527,2025-02-05T00:00Z,2024-05-24T00:00Z,true,true,true,176.9,175.88,176.8,175.07,175.94,Stock,-0.0054267947993217325
2018-11-07 00:00:00+00:00,TRNO,38.66,39.17,38.65,39.15,161922,6339246.3,39.26,129,-0.015537442689760539,-0.12353540499235871,133,4,2018-11-07T00:00Z,2018-05-07T00:00Z,true,true,true,38.91,38.85,38.91,38.64,36.55,Stock,-0.026800308404009265
2019-12-13 00:00:00+00:00,TRTX,20.19,20.29,20.18,20.28,79751,1617350.28,20.54,193,-0.017526777020447915,-0.15271170313986682,409,216,2019-12-13T00:00Z,2019-03-12T00:00Z,true,true,true,20.42,20.61,20.35,20.5,20.68,Stock,0.01273261508325163
2025-05-06 00:00:00+00:00,TRV,266.59,268.72,265.35,268.05,529123,1.4183142015E8,269.64,135,-0.015910102358700384,-0.14574988874054284,1700,1565,2025-05-06T00:00Z,2024-10-18T00:00Z,true,true,true,268.86,264.92,273.71,271.86,264.13,Stock,-0.00906494086141496
2019-10-23 00:00:00+00:00,TSLX,20.9,21.2,20.85,21.18,71253,1509138.54,21.2,239,-0.01650943396226401,-0.16226415094339608,373,134,2019-10-23T00:00Z,2018-11-08T00:00Z,true,true,true,21.17,21.42,21.64,21.83,21.74,Stock,0.0269248937175246
2025-01-30 00:00:00+00:00,TSLX,22.07,22.29,22.04,22.28,65026,1448779.28,22.35,252,-0.013870246085011306,-0.12706935123042506,1697,1445,2025-01-30T00:00Z,2024-01-29T00:00Z,true,true,true,22.38,22.14,22.47,23.51,22.34,Stock,0.029481680071492322
2019-02-15 00:00:00+00:00,TTC,62.25,63.97,62.22,63.97,299424,1.915415328E7,64.23,171,-0.031293787949556395,-0.17530748871243973,200,29,2019-02-15T00:00Z,2018-06-12T00:00Z,true,true,true,63.52,68.6,68.72,68.34,72.68,Stock,0.14420654911838793
2019-04-12 00:00:00+00:00,TU,37.36,37.525,37.145,37.52,110306,4138681.1200000006,37.7,155,-0.0147214854111406,-0.13819628647214854,239,84,2019-04-12T00:00Z,2018-08-29T00:00Z,true,true,true,37.63,37.02,36.55,36.49,37.63,Stock,0.0
2019-12-04 00:00:00+00:00,TU,37.65,38.04,37.59,37.99,132292,5025773.08,38.28,126,-0.018025078369905856,-0.13819628647214854,402,276,2019-12-04T00:00Z,2019-06-06T00:00Z,true,true,true,38.58,38.07,38.16,38.71,39.97,Stock,0.03602903058579576
2024-10-11 00:00:00+00:00,UBS,31.61,32.12,31.61,32.02,596046,1.908539292E7,32.13,145,-0.016184251478369216,-0.19047619047619047,1623,1478,2024-10-11T00:00Z,2024-03-15T00:00Z,true,true,true,32.19,32.83,32.1,32.34,32.59,Stock,-5.156881018949511E-4
2019-03-25 00:00:00+00:00,UL,57.0,57.32,56.94,57.28,284193,1.6278575040000001E7,58.07,142,-0.01945927329085595,-0.12519373170311698,225,83,2019-03-25T00:00Z,2018-08-28T00:00Z,true,true,true,57.83,57.53,57.79,58.74,60.52,Stock,0.046515649316963614
2024-06-04 00:00:00+00:00,UL,55.88,55.92,55.58,55.78,611826,3.412765428E7,55.985,276,-0.007234080557292133,-0.18205173635719352,1533,1257,2024-06-04T00:00Z,2023-04-28T00:00Z,true,true,true,56.09,55.59,56.17,54.99,61.63,Stock,-0.018602246389730848
2025-12-16 00:00:00+00:00,UL,64.81,64.9,64.05,64.33,506672,3.2594209759999998E7,65.65,165,-0.02437166793602452,-0.17519356307879164,1918,1753,2025-12-16T00:00Z,2025-04-22T00:00Z,true,true,true,65.57,65.73,65.4,64.21,64.33,Stock,-0.018911087387524672
2019-04-17 00:00:00+00:00,UN,57.11,57.77,57.11,57.66,459171,2.647579986E7,58.72,159,-0.027418256130790186,-0.11307901907356954,242,83,2019-04-17T00:00Z,2018-08-28T00:00Z,true,true,true,58.86,58.63,59.48,60.18,61.28,,0.04111450900441738
2022-10-28 00:00:00+00:00,UNH,544.97,553.02,543.69,551.24,856182,4.7196176568E8,553.32,136,-0.01740403383214051,-0.18721535458685756,1133,997,2022-10-28T00:00Z,2022-04-14T00:00Z,true,true,true,555.15,538.17,522.08,532.27,531.99,Stock,-0.02000000000000013
2018-07-06 00:00:00+00:00,USM,38.11,39.13,38.11,39.11,30305,1185228.55,39.86,299,-0.04390366281986957,-0.15228299046663318,46,0,2018-07-06T00:00Z,2018-05-01T00:00Z,true,true,true,39.61,34.52,33.41,37.39,42.76,,-0.020000000000000018
2019-02-07 00:00:00+00:00,UTL,51.71,52.21,51.57,52.1,8835,460303.5,53.07,148,-0.028264556246466954,-0.12926323723384203,194,46,2019-02-07T00:00Z,2018-07-06T00:00Z,true,true,true,53.09,52.84,54.5,54.02,55.05,Stock,0.03691844038425307
2024-09-16 00:00:00+00:00,V,288.05,290.88,287.81,290.48,2394581,6.9557788888E8,290.96,122,-0.010826230409678228,-0.13135826230409664,1604,1482,2024-09-16T00:00Z,2024-03-21T00:00Z,true,true,true,291.56,288.63,274.95,280.68,310.92,Stock,-0.029848401701193628
2024-09-16 00:00:00+00:00,VOYA,76.0,76.63,75.47,76.48,297126,2.272419648E7,77.0,286,-0.019870129870129927,-0.1933418693982074,1604,1318,2024-09-16T00:00Z,2023-07-27T00:00Z,true,true,true,76.87,77.03,79.22,81.03,83.24,Stock,0.08286717835306345
2025-10-17 00:00:00+00:00,VTR,69.55,70.84,69.55,70.62,905423,6.3940972260000005E7,71.35,136,-0.02522775052557813,-0.16203429923122414,1877,1741,2025-10-17T00:00Z,2025-04-03T00:00Z,true,true,true,71.5,70.39,73.79,78.0,78.71,Stock,0.10083916083916078
2019-12-11 00:00:00+00:00,VZ,61.4,61.42,60.995,61.08,3104542,1.8962542535999998E8,61.58,265,-0.009499837609613482,-0.15102305943488137,407,142,2019-12-11T00:00Z,2018-11-20T00:00Z,true,true,true,61.17,60.86,61.29,58.99,60.24,Stock,-0.018077488965179023
2019-01-22 00:00:00+00:00,WAT,204.0,205.48,202.06,203.66,230212,4.688497592E7,210.02,152,-0.03790115227121227,-0.19805256642224545,182,30,2019-01-22T00:00Z,2018-06-13T00:00Z,true,true,true,229.51,229.42,232.65,234.0,245.26,Stock,0.06862446080780793
2023-12-12 00:00:00+00:00,WCN,142.08,145.61,141.53,145.55,459786,6.6921852300000004E7,146.12,257,-0.031412537640295723,-0.1618083670715249,1350,1093,2023-12-12T00:00Z,2022-12-02T00:00Z,true,true,true,148.67,147.34,147.98,148.05,156.71,Stock,0.0540795049438354
2018-06-28 00:00:00+00:00,WEC,64.13,64.82,64.0,64.46,665825,4.291907949999999E7,64.93,299,-0.014323117203141944,-0.09933774834437104,41,0,2018-06-28T00:00Z,2018-05-01T00:00Z,true,true,true,64.65,66.41,65.19,65.69,67.8,Stock,0.048723897911832736
2025-01-17 00:00:00+00:00,WES,40.67,41.78,40.56,41.51,243862,1.012271162E7,42.8,123,-0.05233644859813069,-0.18609593199757135,1689,1566,2025-01-17T00:00Z,2024-07-23T00:00Z,true,true,true,42.89,41.17,40.6,41.62,41.58,Stock,-0.019999999999999907
2021-06-29 00:00:00+00:00,WFC PRL,1490.5,1500.0,1490.5,1497.91,3644,5458384.04,1518.0,122,-0.018115942028985477,-0.17525641679848958,796,674,2021-06-29T00:00Z,2021-01-04T00:00Z,true,true,true,1526.21,1529.3,1537.8,1521.17,1495.4,,-0.02018726125500414
2019-04-29 00:00:00+00:00,WFC PRQ,26.03,26.13,26.0,26.09,28227,736442.43,26.33,204,-0.012533232054690369,-0.10178503608051648,249,45,2019-04-29T00:00Z,2018-07-05T00:00Z,true,true,true,26.3,26.36,26.28,26.3,26.23,,-0.0026615969581749166
2022-10-20 00:00:00+00:00,WMK,85.23,85.86,84.06,84.34,25692,2166863.2800000003,86.88,127,-0.03245856353591148,-0.18186003683241247,1058,931,2022-10-20T00:00Z,2022-04-20T00:00Z,true,true,true,87.97,91.9,85.93,85.55,81.21,Stock,0.023780834375355164
2019-06-06 00:00:00+00:00,WMT,104.49,105.66,104.2,105.11,2611115,2.7445429765E8,106.21,140,-0.018924771678749508,-0.1923547688541568,276,136,2019-06-06T00:00Z,2018-11-12T00:00Z,true,true,true,106.06,108.65,110.32,111.98,109.4,Stock,0.0347011125777863
2022-04-01 00:00:00+00:00,WMT,149.66,151.26,148.87,151.01,2418153,3.6516528453E8,152.58,157,-0.024315113383143294,-0.17672750977835727,988,831,2022-04-01T00:00Z,2021-08-18T00:00Z,true,true,true,151.04,157.41,155.88,151.98,128.63,Stock,0.011403601694915277
2021-11-19 00:00:00+00:00,WSO,301.49,302.82,299.19,302.44,44139,1.334939916E7,307.87,136,-0.028193718127781264,-0.14402182739467972,897,761,2021-11-19T00:00Z,2021-05-10T00:00Z,true,true,true,306.51,299.63,304.93,299.85,292.65,Stock,-0.020000000000000018
2019-05-08 00:00:00+00:00,WTM,932.77,961.71,931.81,955.87,6772,6473151.64,980.49,161,-0.049648645065222596,-0.15144468582035508,256,95,2019-05-08T00:00Z,2018-09-14T00:00Z,true,true,true,975.99,949.57,975.14,986.2,1059.5,Stock,-0.020000000000000018
2024-11-08 00:00:00+00:00,WTM,1882.4,1897.0,1851.1,1865.55,3121,5822381.55,1914.89,129,-0.0333126184793906,-0.13254547258589278,1643,1514,2024-11-08T00:00Z,2024-05-07T00:00Z,true,true,true,1909.95,1918.9,1988.34,1977.17,1871.46,Stock,0.014490745831042595
2025-11-28 00:00:00+00:00,WTM,2030.44,2037.54,2023.45,2024.25,2405,4868321.25,2039.84,252,-0.008034943917169857,-0.1934073260647894,1906,1654,2025-11-28T00:00Z,2024-11-25T00:00Z,true,true,true,2024.89,2034.79,2054.51,2075.53,2039.19,Stock,0.007062112015961297
2019-04-23 00:00:00+00:00,WTR,37.54,38.05,37.46,37.84,2562223,9.695451832000001E7,38.24,168,-0.02039748953974896,-0.16082635983263593,245,77,2019-04-23T00:00Z,2018-08-20T00:00Z,true,true,true,38.28,39.06,37.88,39.41,41.58,,-3.1347962382355377E-5
2025-09-23 00:00:00+00:00,WTW,338.175,341.02,337.57,340.59,6499,2213494.4099999997,342.325,141,-0.013890308916964855,-0.14335792010516324,1168,1027,2025-09-23T00:00Z,2025-03-03T00:00Z,true,true,true,343.57,345.47,349.81,330.55,319.53,Warrant,-0.0022010070727944697
2018-08-31 00:00:00+00:00,YUM,85.7,86.95,85.7,86.89,1057737,9.190676793E7,87.11,299,-0.01618643094937433,-0.11479738261967631,86,0,2018-08-31T00:00Z,2018-05-01T00:00Z,true,true,true,87.02,88.46,87.69,90.42,85.47,Stock,0.018290048264766767
2025-02-05 00:00:00+00:00,YUM,131.39,131.71,129.55,131.25,786050,1.031690625E8,143.2,193,-0.09532122905027918,-0.1469273743016759,1635,1442,2025-02-05T00:00Z,2024-04-29T00:00Z,true,true,true,144.01,146.51,150.96,159.26,161.45,Stock,0.12110270120130551
